Date,Consumption,Production,Battery Charging,Battery Discharging,"Smart Meter 
Messung Haus - currentPower 
192.168.86.161","Smart Meter 
Messung Haus - activeDevice 
192.168.86.161","Inverter 
PV-Anlage - currentPower 
192.168.86.250","Inverter 
PV-Anlage - activeDevice 
192.168.86.250","Smart Plug 
Entfeuchter Waschen - currentPower 
192.168.86.23","Smart Plug 
Entfeuchter Waschen - activeDevice 
192.168.86.23","Smart Plug 
Wasserpumpe - currentPower 
192.168.86.27","Smart Plug 
Wasserpumpe - activeDevice 
192.168.86.27","Car Charging 
Ladestation - currentPower 
","Car Charging 
Ladestation - activeDevice 
","Energy Measurement 
Entfeuchter Waschen - currentPower 
192.168.86.23","Energy Measurement 
Entfeuchter Waschen - activeDevice 
192.168.86.23","Energy Measurement 
Wasserpumpe - currentPower 
192.168.86.27","Energy Measurement 
Wasserpumpe - activeDevice 
192.168.86.27"
2026-07-15T00:00:00.000+02:00,584,0,0,0,583.67,1,0,0,4.67,1,0,0,0,0,0,0,0,0
2026-07-15T00:15:00.000+02:00,579,0,0,0,578.67,1,0,0,0,0,0,0,0,0,0,0,0,0
2026-07-15T00:30:00.000+02:00,557,0,0,0,556,1,0,0,0,0,0,0,0,0,0,0,0,0
2026-07-15T00:45:00.000+02:00,553,0,0,0,552.67,1,0,0,0,0,0,0,0,0,0,0,0,0
2026-07-15T01:00:00.000+02:00,555,0,0,0,554.67,1,0,0,0,0,0,0,0,0,0,0,0,0
2026-07-15T01:15:00.000+02:00,561,0,0,0,560.67,1,0,0,0,0,0,0,0,0,0,0,0,0
2026-07-15T01:30:00.000+02:00,545,0,0,0,544.33,1,0,0,0,0,0,0,0,0,0,0,0,0
2026-07-15T01:45:00.000+02:00,513,0,0,0,513.33,1,0,0,0,0,0,0,0,0,0,0,0,0
2026-07-15T02:00:00.000+02:00,529,0,0,0,528.33,1,0,0,0,0,0,0,0,0,0,0,0,0
2026-07-15T02:15:00.000+02:00,542,0,0,0,541.33,1,0,0,0,0,0,0,0,0,0,0,0,0
2026-07-15T02:30:00.000+02:00,567,0,0,0,566.33,1,0,0,0,0,0,0,0,0,0,0,0,0
2026-07-15T02:45:00.000+02:00,573,0,0,0,572.67,1,0,0,0,0,0,0,0,0,0,0,0,0
2026-07-15T03:00:00.000+02:00,579,0,0,0,578,1,0,0,0,0,0,0,0,0,0,0,0,0
2026-07-15T03:15:00.000+02:00,599,0,0,0,598.67,1,0,0,0,0,0,0,0,0,0,0,0,0
2026-07-15T03:30:00.000+02:00,592,0,0,0,591.67,1,0,0,0,0,0,0,0,0,0,0,0,0
2026-07-15T03:45:00.000+02:00,510,0,0,0,510.33,1,0,0,0,0,0,0,0,0,0,0,0,0
2026-07-15T04:00:00.000+02:00,513,0,0,0,512.33,1,0,0,0,0,0,0,0,0,0,0,0,0
2026-07-15T04:15:00.000+02:00,542,0,0,0,541.67,1,0,0,0,0,0,0,0,0,0,0,0,0
2026-07-15T04:30:00.000+02:00,562,0,0,0,561.67,1,0,0,0,0,0,0,0,0,0,0,0,0
2026-07-15T04:45:00.000+02:00,539,0,0,0,538.67,1,0,0,0,0,0,0,0,0,0,0,0,0
2026-07-15T05:00:00.000+02:00,537,0,0,0,536,1,0,0,0,0,0,0,0,0,0,0,0,0
2026-07-15T05:15:00.000+02:00,557,0,0,0,556.67,1,0,0,0,0,0,0,0,0,0,0,0,0
2026-07-15T05:30:00.000+02:00,1485,0,0,0,1485,1,0,0,0,0,904,1,0,0,0,0,0,0
2026-07-15T05:45:00.000+02:00,1665,0,0,0,1664.67,1,0,0,0,0,926,1,0,0,0,0,0,0
2026-07-15T06:00:00.000+02:00,1604,1,0,0,1603,1,0.67,1,6,1,912.67,1,0,0,0,0,0,0
2026-07-15T06:15:00.000+02:00,1627,1,0,0,1625.67,1,1,1,0,1,924,1,0,0,0,0,0,0
2026-07-15T06:30:00.000+02:00,1633,15,0,0,1617.33,1,14.67,1,0,1,923.33,1,0,0,0,0,0,0
2026-07-15T06:45:00.000+02:00,1537,169,0,0,1367.33,1,169,1,0,1,841.33,1,0,0,0,0,0,0
2026-07-15T07:00:00.000+02:00,1604,262,0,0,1342.33,1,261.67,1,0,1,922,1,0,0,0,0,0,0
2026-07-15T07:15:00.000+02:00,1658,189,0,0,1469,1,188.67,1,0,1,922.33,1,0,0,0,0,0,0
2026-07-15T07:30:00.000+02:00,865,220,0,0,645.33,1,219.67,1,0,1,135,1,0,0,0,0,0,0
2026-07-15T07:45:00.000+02:00,770,353,0,0,417.33,1,352.67,1,0,1,52.67,1,0,0,0,0,0,0
2026-07-15T08:00:00.000+02:00,737,496,0,0,240,1,496,1,0,1,62.33,1,0,0,0,0,0,0
2026-07-15T08:15:00.000+02:00,783,491,0,0,291.67,1,491,1,0,1,1,1,0,0,0,0,0,0
2026-07-15T08:30:00.000+02:00,797,938,0,0,-141,1,937.67,1,0,1,0,0,0,0,0,0,0,0
2026-07-15T08:45:00.000+02:00,799,1231,0,0,-432.67,1,1231.33,1,0,1,0,0,0,0,0,0,0,0
2026-07-15T09:00:00.000+02:00,692,1167,0,0,-475,1,1167,1,0,1,0,0,0,0,0,0,0,0
2026-07-15T09:15:00.000+02:00,652,1318,0,0,-665.67,1,1317.67,1,0,1,0,0,0,0,0,0,0,0
2026-07-15T09:30:00.000+02:00,665,1400,0,0,-735,1,1399.67,1,0,1,0,0,0,0,0,0,0,0
2026-07-15T09:45:00.000+02:00,648,1885,0,0,-1236.67,1,1884.67,1,0,1,0,0,0,0,0,0,0,0
2026-07-15T10:00:00.000+02:00,679,1926,0,0,-1246.67,1,1926.33,1,0,1,0,0,0,0,0,0,0,0
2026-07-15T10:15:00.000+02:00,666,2019,0,0,-1352,1,2019,1,0,1,0,0,0,0,0,0,0,0
2026-07-15T10:30:00.000+02:00,690,1981,0,0,-1291,1,1981.33,1,0,1,0,0,0,0,0,0,0,0
2026-07-15T10:45:00.000+02:00,655,1301,0,0,-645.33,1,1301,1,0,1,0,0,0,0,0,0,0,0
2026-07-15T11:00:00.000+02:00,622,2128,0,0,-1510,1,2128,1,0,1,0,0,0,0,0,0,0,0
2026-07-15T11:15:00.000+02:00,662,2338,0,0,-1674.67,1,2337.67,1,0,1,0,0,0,0,0,0,0,0
2026-07-15T11:30:00.000+02:00,683,2207,0,0,-1523.67,1,2207.33,1,0,1,0,0,0,0,0,0,0,0
2026-07-15T11:45:00.000+02:00,675,2141,0,0,-1465.67,1,2141.33,1,0,1,0,0,0,0,0,0,0,0
2026-07-15T12:00:00.000+02:00,825,1860,0,0,-1034.33,1,1860,1,0,1,0,0,0,0,0,0,0,0
2026-07-15T12:15:00.000+02:00,713,2065,0,0,-1354,1,2065.33,1,0,1,0,0,0,0,0,0,0,0
2026-07-15T12:30:00.000+02:00,660,2224,0,0,-1563,1,2224,1,0,1,0,0,0,0,0,0,0,0
2026-07-15T12:45:00.000+02:00,679,1631,0,0,-952,1,1631.33,1,0,1,0,0,0,0,0,0,0,0
2026-07-15T13:00:00.000+02:00,653,1046,0,0,-392.67,1,1046,1,0,1,0,0,0,0,0,0,0,0
2026-07-15T13:15:00.000+02:00,613,1838,0,0,-1229.33,1,1838.33,1,0,1,0,0,0,0,0,0,0,0
2026-07-15T13:30:00.000+02:00,595,2225,0,0,-1629.67,1,2225,1,0,1,0,0,0,0,0,0,0,0
2026-07-15T13:45:00.000+02:00,610,671,0,0,-61,1,670.67,1,0,1,0,0,0,0,0,0,0,0
2026-07-15T14:00:00.000+02:00,662,610,0,0,52.33,1,610,1,0,0,0,0,0,0,0,0,0,0
2026-07-15T14:15:00.000+02:00,680,808,0,0,-127.33,1,807.67,1,5.67,1,0,0,0,0,0,0,0,0
2026-07-15T14:30:00.000+02:00,649,1744,0,0,-1093.67,1,1743.67,1,0,1,0,0,0,0,0,0,0,0
2026-07-15T14:45:00.000+02:00,666,2384,0,0,-1718,1,2383.67,1,0,1,0,0,0,0,0,0,0,0
2026-07-15T15:00:00.000+02:00,651,1282,0,0,-631,1,1281.67,1,0,1,0,0,0,0,0,0,0,0
2026-07-15T15:15:00.000+02:00,615,1667,0,0,-1051.67,1,1667.33,1,0,1,0,0,0,0,0,0,0,0
2026-07-15T15:30:00.000+02:00,613,1481,0,0,-867.33,1,1481.33,1,0,1,0,0,0,0,0,0,0,0
2026-07-15T15:45:00.000+02:00,609,731,0,0,-122.33,1,731.33,1,0,1,0,0,0,0,0,0,0,0
2026-07-15T16:00:00.000+02:00,622,431,0,0,191,1,430.67,1,0,1,0,0,0,0,0,0,0,0
2026-07-15T16:15:00.000+02:00,637,439,0,0,197.33,1,439.33,1,0,0,0,0,0,0,0,0,0,0
2026-07-15T16:30:00.000+02:00,638,1258,0,0,-619.67,1,1257.67,1,5.67,1,0,0,0,0,0,0,0,0
2026-07-15T16:45:00.000+02:00,619,1704,0,0,-1084.67,1,1704,1,0,1,0,0,0,0,0,0,0,0
2026-07-15T17:00:00.000+02:00,644,1675,0,0,-1030.33,1,1675,1,0,1,0,0,0,0,0,0,0,0
2026-07-15T17:15:00.000+02:00,663,801,0,0,-138,1,801.33,1,0,1,0,0,0,0,0,0,0,0
2026-07-15T17:30:00.000+02:00,665,307,0,0,357.33,1,307.33,1,0,0,0,0,0,0,0,0,0,0
2026-07-15T17:45:00.000+02:00,647,240,0,0,406.33,1,239.67,1,0,0,0,0,0,0,0,0,0,0
2026-07-15T18:00:00.000+02:00,612,312,0,0,299.67,1,311.67,1,0,0,0,0,0,0,0,0,0,0
2026-07-15T18:15:00.000+02:00,629,166,0,0,462.33,1,166.33,1,0,0,0,0,0,0,0,0,0,0
2026-07-15T18:30:00.000+02:00,618,418,0,0,199.67,1,418.33,1,4.67,1,0,0,0,0,0,0,0,0
2026-07-15T18:45:00.000+02:00,588,368,0,0,220.33,1,367.67,1,1,1,0,0,0,0,0,0,0,0
2026-07-15T19:00:00.000+02:00,579,302,0,0,276.67,1,302,1,0,0,0,0,0,0,0,0,0,0
2026-07-15T19:15:00.000+02:00,622,725,0,0,-102.67,1,725.33,1,5.67,1,0,0,0,0,0,0,0,0
2026-07-15T19:30:00.000+02:00,641,564,0,0,76.33,1,564.33,1,0,1,0,0,0,0,0,0,0,0
2026-07-15T19:45:00.000+02:00,650,459,0,0,191,1,458.67,1,0,0,0,0,0,0,0,0,0,0
2026-07-15T20:00:00.000+02:00,838,318,0,0,519.33,1,318,1,6,1,0,0,0,0,0,0,0,0
2026-07-15T20:15:00.000+02:00,858,121,0,0,735.67,1,121.33,1,0,1,0,0,0,0,0,0,0,0
2026-07-15T20:30:00.000+02:00,829,1,0,0,827.67,1,1,1,0,1,0,0,0,0,0,0,0,0
2026-07-15T20:45:00.000+02:00,804,0,0,0,802.67,1,0.33,1,0,1,0,0,0,0,0,0,0,0
2026-07-15T21:00:00.000+02:00,777,0,0,0,775.67,1,0,0,0,0,0,0,0,0,0,0,0,0
2026-07-15T21:15:00.000+02:00,799,0,0,0,798.33,1,0,0,0,0,0,0,0,0,0,0,0,0
2026-07-15T21:30:00.000+02:00,813,0,0,0,812,1,0,0,0,0,0,0,0,0,0,0,0,0
2026-07-15T21:45:00.000+02:00,800,0,0,0,799.33,1,0,0,0,0,0,0,0,0,0,0,0,0
2026-07-15T22:00:00.000+02:00,573,0,0,0,572.33,1,0,0,0,0,0,0,0,0,0,0,0,0
2026-07-15T22:15:00.000+02:00,520,0,0,0,519.67,1,0,0,0,0,0,0,0,0,0,0,0,0
2026-07-15T22:30:00.000+02:00,556,0,0,0,555,1,0,0,0,0,0,0,0,0,0,0,0,0
2026-07-15T22:45:00.000+02:00,582,0,0,0,581.33,1,0,0,0,0,0,0,0,0,0,0,0,0
2026-07-15T23:00:00.000+02:00,564,0,0,0,564,1,0,0,0,0,0,0,0,0,0,0,0,0
2026-07-15T23:15:00.000+02:00,573,0,0,0,572.67,1,0,0,0,0,0,0,0,0,0,0,0,0
2026-07-15T23:30:00.000+02:00,596,0,0,0,595,1,0,0,0,0,0,0,0,0,0,0,0,0
2026-07-15T23:45:00.000+02:00,565,0,0,0,564.67,1,0,0,1,1,0,0,0,0,0,0,0,0
2026-07-16T00:00:00.000+02:00,576,0,0,0,575.67,1,0,0,39.33,1,0,0,0,0,0,0,0,0
2026-07-16T00:15:00.000+02:00,508,0,0,0,507.33,1,0,0,0,0,0,0,0,0,0,0,0,0
2026-07-16T00:30:00.000+02:00,528,0,0,0,527.67,1,0,0,0,0,0,0,0,0,0,0,0,0
2026-07-16T00:45:00.000+02:00,541,0,0,0,539.67,1,0,0,0,0,0,0,0,0,0,0,0,0
2026-07-16T01:00:00.000+02:00,548,0,0,0,547.33,1,0,0,0,0,0,0,0,0,0,0,0,0
2026-07-16T01:15:00.000+02:00,537,0,0,0,536.67,1,0,0,0,0,0,0,0,0,0,0,0,0
2026-07-16T01:30:00.000+02:00,584,0,0,0,583.33,1,0,0,0,0,0,0,0,0,0,0,0,0
2026-07-16T01:45:00.000+02:00,597,0,0,0,597.33,1,0,0,0,0,0,0,0,0,0,0,0,0
2026-07-16T02:00:00.000+02:00,570,0,0,0,569.33,1,0,0,0,0,0,0,0,0,0,0,0,0
2026-07-16T02:15:00.000+02:00,545,0,0,0,545.33,1,0,0,0,0,0,0,0,0,0,0,0,0
2026-07-16T02:30:00.000+02:00,543,0,0,0,542.33,1,0,0,0,0,0,0,0,0,0,0,0,0
2026-07-16T02:45:00.000+02:00,549,0,0,0,548.33,1,0,0,0,0,0,0,0,0,0,0,0,0
2026-07-16T03:00:00.000+02:00,554,0,0,0,553,1,0,0,0,0,0,0,0,0,0,0,0,0
2026-07-16T03:15:00.000+02:00,529,0,0,0,528.67,1,0,0,0,0,0,0,0,0,0,0,0,0
2026-07-16T03:30:00.000+02:00,542,0,0,0,541.33,1,0,0,0,0,0,0,0,0,0,0,0,0
2026-07-16T03:45:00.000+02:00,556,0,0,0,556,1,0,0,0,0,0,0,0,0,0,0,0,0
2026-07-16T04:00:00.000+02:00,530,0,0,0,529.67,1,0,0,0,0,0,0,0,0,0,0,0,0
2026-07-16T04:15:00.000+02:00,537,0,0,0,536.67,1,0,0,0,0,0,0,0,0,0,0,0,0
2026-07-16T04:30:00.000+02:00,568,0,0,0,567.67,1,0,0,0,0,0,0,0,0,0,0,0,0
2026-07-16T04:45:00.000+02:00,601,0,0,0,600.67,1,0,0,0,0,0,0,0,0,0,0,0,0
2026-07-16T05:00:00.000+02:00,597,0,0,0,596.33,1,0,0,0,0,0,0,0,0,0,0,0,0
2026-07-16T05:15:00.000+02:00,566,0,0,0,566,1,0,0,0,0,0,0,0,0,0,0,0,0
2026-07-16T05:30:00.000+02:00,1458,0,0,0,1457.67,1,0,0,0,0,904,1,0,0,0,0,0,0
2026-07-16T05:45:00.000+02:00,1641,0,0,0,1640.33,1,0,0,0,0,928,1,0,0,0,0,0,0
2026-07-16T06:00:00.000+02:00,1787,1,0,0,1785.33,1,0.67,1,209,1,912.67,1,0,0,0,0,0,0
2026-07-16T06:15:00.000+02:00,1855,40,0,0,1814.33,1,40.33,1,286.33,1,924,1,0,0,0,0,0,0
2026-07-16T06:30:00.000+02:00,1785,40,0,0,1744.67,1,39.67,1,194.67,1,922.67,1,0,0,0,0,0,0
2026-07-16T06:45:00.000+02:00,1724,200,0,0,1523.67,1,199.67,1,165.33,1,852,1,0,0,0,0,0,0
2026-07-16T07:00:00.000+02:00,1804,277,0,0,1527.33,1,276.67,1,178.67,1,922.67,1,0,0,0,0,0,0
2026-07-16T07:15:00.000+02:00,1753,167,0,0,1585.67,1,166.67,1,118.67,1,921.33,1,0,0,0,0,0,0
2026-07-16T07:30:00.000+02:00,992,450,0,0,542,1,450,1,137,1,135.67,1,0,0,0,0,0,0
2026-07-16T07:45:00.000+02:00,897,545,0,0,352.33,1,545,1,136.33,1,39,1,0,0,0,0,0,0
2026-07-16T08:00:00.000+02:00,897,759,0,0,138.33,1,759,1,123.67,1,63.67,1,0,0,0,0,0,0
2026-07-16T08:15:00.000+02:00,878,885,0,0,-6.33,1,884.67,1,145.67,1,1.33,1,0,0,0,0,0,0
2026-07-16T08:30:00.000+02:00,848,1033,0,0,-184.33,1,1033,1,121.67,1,0,0,0,0,0,0,0,0
2026-07-16T08:45:00.000+02:00,914,1272,0,0,-356.67,1,1271.67,1,163.67,1,0,0,0,0,0,0,0,0
2026-07-16T09:00:00.000+02:00,738,1416,0,0,-676.67,1,1415.67,1,96.33,1,0,0,0,0,0,0,0,0
2026-07-16T09:15:00.000+02:00,841,1576,0,0,-734.33,1,1576,1,179,1,0,0,0,0,0,0,0,0
2026-07-16T09:30:00.000+02:00,725,1711,0,0,-986,1,1711,1,92.67,1,0,0,0,0,0,0,0,0
2026-07-16T09:45:00.000+02:00,810,1800,0,0,-990,1,1800.33,1,170.67,1,0,0,0,0,0,0,0,0
2026-07-16T10:00:00.000+02:00,828,1904,0,0,-1075.67,1,1904.33,1,99,1,0,0,0,0,0,0,0,0
2026-07-16T10:15:00.000+02:00,860,2017,0,0,-1156.33,1,2017,1,161,1,0,0,0,0,0,0,0,0
2026-07-16T10:30:00.000+02:00,781,2105,0,0,-1323.67,1,2105,1,92.67,1,0,0,0,0,0,0,0,0
2026-07-16T10:45:00.000+02:00,869,2181,0,0,-1311.67,1,2181.33,1,165,1,0,0,0,0,0,0,0,0
2026-07-16T11:00:00.000+02:00,838,2262,0,0,-1423,1,2261.67,1,123.67,1,0,0,0,0,0,0,0,0
2026-07-16T11:15:00.000+02:00,787,2253,0,0,-1465,1,2252.67,1,126.33,1,0,0,0,0,0,0,0,0
2026-07-16T11:30:00.000+02:00,747,2420,0,0,-1672.33,1,2419.67,1,124,1,0,0,0,0,0,0,0,0
2026-07-16T11:45:00.000+02:00,771,2260,0,0,-1489.33,1,2260.33,1,131,1,0,0,0,0,0,0,0,0
2026-07-16T12:00:00.000+02:00,759,2465,0,0,-1705.33,1,2464.33,1,112.33,1,0,0,0,0,0,0,0,0
2026-07-16T12:15:00.000+02:00,882,2490,0,0,-1608.33,1,2490.33,1,141.33,1,0,0,0,0,0,0,0,0
2026-07-16T12:30:00.000+02:00,2505,2516,0,0,-11.33,1,2516.33,1,106,1,0,0,0,0,0,0,0,0
2026-07-16T12:45:00.000+02:00,2752,2600,0,0,152.33,1,2599.67,1,148.67,1,0,0,0,0,0,0,0,0
2026-07-16T13:00:00.000+02:00,2952,2635,0,0,316.67,1,2634.67,1,112.33,1,0,0,0,0,0,0,0,0
2026-07-16T13:15:00.000+02:00,3141,2604,0,0,536.67,1,2604.33,1,134,1,0,0,0,0,0,0,0,0
2026-07-16T13:30:00.000+02:00,3289,2618,0,0,670.67,1,2618.33,1,99.33,1,0,0,0,0,0,0,0,0
2026-07-16T13:45:00.000+02:00,1569,2615,0,0,-1046,1,2614.67,1,147.33,1,0,0,0,0,0,0,0,0
2026-07-16T14:00:00.000+02:00,771,2598,0,0,-1826.67,1,2598,1,88,1,0,0,0,0,0,0,0,0
2026-07-16T14:15:00.000+02:00,817,2632,0,0,-1814.33,1,2632,1,140,1,0,0,0,0,0,0,0,0
2026-07-16T14:30:00.000+02:00,742,2537,0,0,-1795.33,1,2537.33,1,93.33,1,0,0,0,0,0,0,0,0
2026-07-16T14:45:00.000+02:00,783,2531,0,0,-1748,1,2531.33,1,124,1,0,0,0,0,0,0,0,0
2026-07-16T15:00:00.000+02:00,800,2529,0,0,-1728,1,2528.67,1,121.33,1,0,0,0,0,0,0,0,0
2026-07-16T15:15:00.000+02:00,752,2296,0,0,-1543.67,1,2296,1,96,1,0,0,0,0,0,0,0,0
2026-07-16T15:30:00.000+02:00,763,1486,0,0,-722.67,1,1486,1,136.33,1,0,0,0,0,0,0,0,0
2026-07-16T15:45:00.000+02:00,730,1767,0,0,-1036.67,1,1767.33,1,76,1,0,0,0,0,0,0,0,0
2026-07-16T16:00:00.000+02:00,848,1452,0,0,-603.33,1,1452,1,136.67,1,0,0,0,0,0,0,0,0
2026-07-16T16:15:00.000+02:00,823,1067,0,0,-243.33,1,1066.67,1,105.67,1,0,0,0,0,0,0,0,0
2026-07-16T16:30:00.000+02:00,798,846,0,0,-48,1,846,1,116,1,0,0,0,0,0,0,0,0
2026-07-16T16:45:00.000+02:00,812,1370,0,0,-557.33,1,1369.67,1,126,1,0,0,0,0,0,0,0,0
2026-07-16T17:00:00.000+02:00,753,914,0,0,-161,1,914.33,1,82.67,1,0,0,0,0,0,0,0,0
2026-07-16T17:15:00.000+02:00,794,715,0,0,78.67,1,715.33,1,137.33,1,0,0,0,0,0,0,0,0
2026-07-16T17:30:00.000+02:00,706,692,0,0,14.67,1,692,1,86,1,0,0,0,0,0,0,0,0
2026-07-16T17:45:00.000+02:00,732,515,0,0,217.33,1,514.67,1,124.33,1,0,0,0,0,0,0,0,0
2026-07-16T18:00:00.000+02:00,770,250,0,0,520,1,249.67,1,112.33,1,0,0,0,0,0,0,0,0
2026-07-16T18:15:00.000+02:00,737,72,0,0,664,1,72.33,1,99.33,1,0,0,0,0,0,0,0,0
2026-07-16T18:30:00.000+02:00,756,1,0,0,754,1,1,1,133.67,1,0,0,0,0,0,0,0,0
2026-07-16T18:45:00.000+02:00,704,2,0,0,701.33,1,2.33,1,78.33,1,0,0,0,0,0,0,0,0
2026-07-16T19:00:00.000+02:00,769,2,0,0,767.33,1,2,1,139,1,0,0,0,0,0,0,0,0
2026-07-16T19:15:00.000+02:00,726,13,0,0,712.33,1,13.33,1,91,1,0,0,0,0,0,0,0,0
2026-07-16T19:30:00.000+02:00,761,151,0,0,608.67,1,151.33,1,123.67,1,0,0,0,0,0,0,0,0
2026-07-16T19:45:00.000+02:00,721,195,0,0,526,1,194.67,1,121.33,1,0,0,0,0,0,0,0,0
2026-07-16T20:00:00.000+02:00,894,130,0,0,764.33,1,129.67,1,86.67,1,0,0,0,0,0,0,0,0
2026-07-16T20:15:00.000+02:00,976,115,0,0,861,1,114.67,1,149,1,0,0,0,0,0,0,0,0
2026-07-16T20:30:00.000+02:00,889,2,0,0,886.33,1,2,1,80.67,1,0,0,0,0,0,0,0,0
2026-07-16T20:45:00.000+02:00,890,0,0,0,889,1,0.33,1,122,1,0,0,0,0,0,0,0,0
2026-07-16T21:00:00.000+02:00,776,1,0,0,774.67,1,0.67,1,0,0,0,0,0,0,0,0,0,0
2026-07-16T21:15:00.000+02:00,806,0,0,0,806,1,0,0,0,0,0,0,0,0,0,0,0,0
2026-07-16T21:30:00.000+02:00,828,0,0,0,827.33,1,0,0,0,0,0,0,0,0,0,0,0,0
2026-07-16T21:45:00.000+02:00,816,0,0,0,814.67,1,0,0,0,0,0,0,0,0,0,0,0,0
2026-07-16T22:00:00.000+02:00,608,0,0,0,608.33,1,0,0,0,0,0,0,0,0,0,0,0,0
2026-07-16T22:15:00.000+02:00,599,0,0,0,598.67,1,0,0,0,0,0,0,0,0,0,0,0,0
2026-07-16T22:30:00.000+02:00,577,0,0,0,576.33,1,0,0,0,0,0,0,0,0,0,0,0,0
2026-07-16T22:45:00.000+02:00,510,0,0,0,510,1,0,0,0,0,0,0,0,0,0,0,0,0
2026-07-16T23:00:00.000+02:00,518,0,0,0,516.67,1,0,0,0,0,0,0,0,0,0,0,0,0
2026-07-16T23:15:00.000+02:00,544,0,0,0,542.67,1,0,0,0,0,0,0,0,0,0,0,0,0
2026-07-16T23:30:00.000+02:00,556,0,0,0,555.67,1,0,0,0,0,0,0,0,0,0,0,0,0
2026-07-16T23:45:00.000+02:00,543,0,0,0,543.33,1,0,0,7.33,1,0,0,0,0,0,0,0,0
2026-07-17T00:00:00.000+02:00,572,0,0,0,571.33,1,0,0,41.67,1,0,0,0,0,0,0,0,0
2026-07-17T00:15:00.000+02:00,586,0,0,0,585.33,1,0,0,0,0,0,0,0,0,0,0,0,0
2026-07-17T00:30:00.000+02:00,599,0,0,0,598,1,0,0,0,0,0,0,0,0,0,0,0,0
2026-07-17T00:45:00.000+02:00,563,0,0,0,562,1,0,0,0,0,0,0,0,0,0,0,0,0
2026-07-17T01:00:00.000+02:00,546,0,0,0,545.67,1,0,0,0,0,0,0,0,0,0,0,0,0
2026-07-17T01:15:00.000+02:00,563,0,0,0,562.33,1,0,0,0,0,0,0,0,0,0,0,0,0
2026-07-17T01:30:00.000+02:00,568,0,0,0,568,1,0,0,0,0,0,0,0,0,0,0,0,0
2026-07-17T01:45:00.000+02:00,545,0,0,0,543.67,1,0,0,0,0,0,0,0,0,0,0,0,0
2026-07-17T02:00:00.000+02:00,526,0,0,0,525.33,1,0,0,0,0,0,0,0,0,0,0,0,0
2026-07-17T02:15:00.000+02:00,550,0,0,0,550,1,0,0,0,0,0,0,0,0,0,0,0,0
2026-07-17T02:30:00.000+02:00,539,0,0,0,537.67,1,0,0,0,0,0,0,0,0,0,0,0,0
2026-07-17T02:45:00.000+02:00,524,0,0,0,523.67,1,0,0,0,0,0,0,0,0,0,0,0,0
2026-07-17T03:00:00.000+02:00,509,0,0,0,508.33,1,0,0,0,0,0,0,0,0,0,0,0,0
2026-07-17T03:15:00.000+02:00,583,0,0,0,583,1,0,0,0,0,0,0,0,0,0,0,0,0
2026-07-17T03:30:00.000+02:00,600,0,0,0,599.67,1,0,0,0,0,0,0,0,0,0,0,0,0
2026-07-17T03:45:00.000+02:00,583,0,0,0,582.33,1,0,0,0,0,0,0,0,0,0,0,0,0
2026-07-17T04:00:00.000+02:00,568,0,0,0,567.67,1,0,0,0,0,0,0,0,0,0,0,0,0
2026-07-17T04:15:00.000+02:00,569,0,0,0,568.33,1,0,0,0,0,0,0,0,0,0,0,0,0
2026-07-17T04:30:00.000+02:00,544,0,0,0,543,1,0,0,0,0,0,0,0,0,0,0,0,0
2026-07-17T04:45:00.000+02:00,532,0,0,0,531.33,1,0,0,0,0,0,0,0,0,0,0,0,0
2026-07-17T05:00:00.000+02:00,535,0,0,0,534,1,0,0,0,0,0,0,0,0,0,0,0,0
2026-07-17T05:15:00.000+02:00,548,0,0,0,547.33,1,0,0,0,0,0,0,0,0,0,0,0,0
2026-07-17T05:30:00.000+02:00,561,0,0,0,560.33,1,0,0,0,0,0,0,0,0,0,0,0,0
2026-07-17T05:45:00.000+02:00,743,0,0,0,742,1,0.33,1,0,0,0,0,0,0,0,0,0,0
2026-07-17T06:00:00.000+02:00,874,2,0,0,872,1,1.67,1,211,1,0,0,0,0,0,0,0,0
2026-07-17T06:15:00.000+02:00,917,115,0,0,802,1,114.67,1,223,1,0,0,0,0,0,0,0,0
2026-07-17T06:30:00.000+02:00,882,229,0,0,651.67,1,229.33,1,152,1,0,0,0,0,0,0,0,0
2026-07-17T06:45:00.000+02:00,864,292,0,0,571.67,1,292,1,138.33,1,0,0,0,0,0,0,0,0
2026-07-17T07:00:00.000+02:00,857,105,0,0,751.67,1,104.67,1,135.33,1,0,0,0,0,0,0,0,0
2026-07-17T07:15:00.000+02:00,807,187,0,0,619.33,1,187.33,1,104,1,0,0,0,0,0,0,0,0
2026-07-17T07:30:00.000+02:00,865,447,0,0,417.33,1,447,1,160,1,0,0,0,0,0,0,0,0
2026-07-17T07:45:00.000+02:00,828,604,0,0,223,1,604,1,103.67,1,0,0,0,0,0,0,0,0
2026-07-17T08:00:00.000+02:00,869,736,0,0,132,1,736.33,1,152,1,0,0,0,0,0,0,0,0
2026-07-17T08:15:00.000+02:00,793,841,0,0,-48,1,841.33,1,84.67,1,0,0,0,0,0,0,0,0
2026-07-17T08:30:00.000+02:00,875,991,0,0,-115.67,1,991.33,1,137.67,1,0,0,0,0,0,0,0,0
2026-07-17T08:45:00.000+02:00,876,1326,0,0,-448.67,1,1325.67,1,124,1,0,0,0,0,0,0,0,0
2026-07-17T09:00:00.000+02:00,727,1502,0,0,-775.33,1,1502.33,1,108.33,1,0,0,0,0,0,0,0,0
2026-07-17T09:15:00.000+02:00,824,1779,0,0,-955,1,1779.33,1,137.67,1,0,0,0,0,0,0,0,0
2026-07-17T09:30:00.000+02:00,750,1166,0,0,-418,1,1179.5,1,42,1,0,0,0,0,0,0,0,0
2026-07-17T09:45:00.000+02:00,813,1220,0,0,-407.33,1,1220.33,1,97,1,0,0,0,0,0,0,0,0
2026-07-17T10:00:00.000+02:00,771,1584,0,0,-844.25,1,1631,1,77.25,1,0,0,0,0,0,0,0,0
2026-07-17T10:15:00.000+02:00,769,2202,0,0,-1432.67,1,2202.33,1,105,1,0,0,0,0,0,0,0,0
2026-07-17T10:30:00.000+02:00,802,2196,0,0,-1394.67,1,2196.33,1,150.33,1,0,0,0,0,0,0,0,0
2026-07-17T10:45:00.000+02:00,760,2308,0,0,-1547,1,2308,1,80,1,0,0,0,0,0,0,0,0
2026-07-17T11:00:00.000+02:00,794,1827,0,0,-1032.67,1,1827.33,1,137.67,1,0,0,0,0,0,0,0,0
2026-07-17T11:15:00.000+02:00,752,2444,0,0,-1691,1,2443.67,1,119.67,1,0,0,0,0,0,0,0,0
2026-07-17T11:30:00.000+02:00,736,2501,0,0,-1764.67,1,2501.33,1,90,1,0,0,0,0,0,0,0,0
2026-07-17T11:45:00.000+02:00,776,2547,0,0,-1770,1,2547,1,140,1,0,0,0,0,0,0,0,0
2026-07-17T12:00:00.000+02:00,705,2636,0,0,-1933.33,1,2636,1,95.33,1,0,0,0,0,0,0,0,0
2026-07-17T12:15:00.000+02:00,732,2685,0,0,-1953,1,2685,1,108.67,1,0,0,0,0,0,0,0,0
2026-07-17T12:30:00.000+02:00,793,2689,0,0,-1895.67,1,2689,1,144.33,1,0,0,0,0,0,0,0,0
2026-07-17T12:45:00.000+02:00,761,2712,0,0,-1950.33,1,2712,1,79.67,1,0,0,0,0,0,0,0,0
2026-07-17T13:00:00.000+02:00,824,2728,0,0,-1904,1,2728,1,146.67,1,0,0,0,0,0,0,0,0
2026-07-17T13:15:00.000+02:00,718,2709,0,0,-1990.67,1,2709.33,1,80,1,0,0,0,0,0,0,0,0
2026-07-17T13:30:00.000+02:00,738,2740,0,0,-2002,1,2740,1,128.33,1,0,0,0,0,0,0,0,0
2026-07-17T13:45:00.000+02:00,731,2728,0,0,-1995.33,1,2727.67,1,114.33,1,0,0,0,0,0,0,0,0
2026-07-17T14:00:00.000+02:00,711,2734,0,0,-2023,1,2734.33,1,94.67,1,0,0,0,0,0,0,0,0
2026-07-17T14:15:00.000+02:00,723,2715,0,0,-1991,1,2715,1,137.67,1,0,0,0,0,0,0,0,0
2026-07-17T14:30:00.000+02:00,666,2442,0,0,-1775.67,1,2442.33,1,71,1,0,0,0,0,0,0,0,0
2026-07-17T14:45:00.000+02:00,776,2018,0,0,-1242.67,1,2018.33,1,143,1,0,0,0,0,0,0,0,0
2026-07-17T15:00:00.000+02:00,783,2017,0,0,-1247.33,1,2016.67,1,91,1,0,0,0,0,0,0,0,0
2026-07-17T15:15:00.000+02:00,762,976,0,0,-213.67,1,975.67,1,115,1,0,0,0,0,0,0,0,0
2026-07-17T15:30:00.000+02:00,748,708,0,0,39.67,1,708,1,112,1,0,0,0,0,0,0,0,0
2026-07-17T15:45:00.000+02:00,730,1186,0,0,-457,1,1186.33,1,87.67,1,0,0,0,0,0,0,0,0
2026-07-17T16:00:00.000+02:00,793,2516,0,0,-1723.67,1,2516.33,1,130,1,0,0,0,0,0,0,0,0
2026-07-17T16:15:00.000+02:00,727,2169,0,0,-1442,1,2169.33,1,97.67,1,0,0,0,0,0,0,0,0
2026-07-17T16:30:00.000+02:00,710,1363,0,0,-653,1,1363.33,1,100.33,1,0,0,0,0,0,0,0,0
2026-07-17T16:45:00.000+02:00,772,1686,0,0,-914,1,1686,1,131,1,0,0,0,0,0,0,0,0
2026-07-17T17:00:00.000+02:00,728,1319,0,0,-590.33,1,1319,1,86.33,1,0,0,0,0,0,0,0,0
2026-07-17T17:15:00.000+02:00,735,1221,0,0,-486,1,1221.33,1,115,1,0,0,0,0,0,0,0,0
2026-07-17T17:30:00.000+02:00,717,1836,0,0,-1118.67,1,1836,1,121.67,1,0,0,0,0,0,0,0,0
2026-07-17T17:45:00.000+02:00,692,1543,0,0,-850.33,1,1542.67,1,81,1,0,0,0,0,0,0,0,0
2026-07-17T18:00:00.000+02:00,755,1386,0,0,-630,1,1385.33,1,121.67,1,0,0,0,0,0,0,0,0
2026-07-17T18:15:00.000+02:00,772,1140,0,0,-367.33,1,1140,1,125.33,1,0,0,0,0,0,0,0,0
2026-07-17T18:30:00.000+02:00,718,383,0,0,334.33,1,383,1,74.33,1,0,0,0,0,0,0,0,0
2026-07-17T18:45:00.000+02:00,789,447,0,0,341,1,447.33,1,125.33,1,0,0,0,0,0,0,0,0
2026-07-17T19:00:00.000+02:00,790,263,0,0,527,1,262.67,1,116.33,1,0,0,0,0,0,0,0,0
2026-07-17T19:15:00.000+02:00,712,323,0,0,388.67,1,323.33,1,80.33,1,0,0,0,0,0,0,0,0
2026-07-17T19:30:00.000+02:00,713,310,0,0,403.67,1,309.67,1,129,1,0,0,0,0,0,0,0,0
2026-07-17T19:45:00.000+02:00,711,161,0,0,550.67,1,160.67,1,111.67,1,0,0,0,0,0,0,0,0
2026-07-17T20:00:00.000+02:00,893,306,0,0,587.33,1,306,1,91,1,0,0,0,0,0,0,0,0
2026-07-17T20:15:00.000+02:00,955,193,0,0,761.33,1,192.67,1,132,1,0,0,0,0,0,0,0,0
2026-07-17T20:30:00.000+02:00,887,66,0,0,820,1,66.33,1,97.33,1,0,0,0,0,0,0,0,0
2026-07-17T20:45:00.000+02:00,878,1,0,0,876.33,1,0.67,1,91.33,1,0,0,0,0,0,0,0,0
2026-07-17T21:00:00.000+02:00,851,0,0,0,849.67,1,0.33,1,0,0,0,0,0,0,0,0,0,0
2026-07-17T21:15:00.000+02:00,844,0,0,0,843,1,0,0,0,0,0,0,0,0,0,0,0,0
2026-07-17T21:30:00.000+02:00,810,0,0,0,809.67,1,0,0,0,0,0,0,0,0,0,0,0,0
2026-07-17T21:45:00.000+02:00,804,0,0,0,804,1,0,0,0,0,0,0,0,0,0,0,0,0
2026-07-17T22:00:00.000+02:00,622,0,0,0,621.33,1,0,0,0,0,0,0,0,0,0,0,0,0
2026-07-17T22:15:00.000+02:00,566,0,0,0,566,1,0,0,0,0,0,0,0,0,0,0,0,0
2026-07-17T22:30:00.000+02:00,539,0,0,0,539.33,1,0,0,0,0,0,0,0,0,0,0,0,0
2026-07-17T22:45:00.000+02:00,531,0,0,0,530.33,1,0,0,0,0,0,0,0,0,0,0,0,0
2026-07-17T23:00:00.000+02:00,550,0,0,0,549.67,1,0,0,0,0,0,0,0,0,0,0,0,0
2026-07-17T23:15:00.000+02:00,544,0,0,0,542.67,1,0,0,0,0,0,0,0,0,0,0,0,0
2026-07-17T23:30:00.000+02:00,537,0,0,0,536,1,0,0,0,0,0,0,0,0,0,0,0,0
2026-07-17T23:45:00.000+02:00,509,0,0,0,509.33,1,0,0,2.67,1,0,0,0,0,0,0,0,0
2026-07-18T00:00:00.000+02:00,636,0,0,0,635,1,0,0,44,1,0,0,0,0,0,0,0,0
2026-07-18T00:15:00.000+02:00,602,0,0,0,602,1,0,0,0,0,0,0,0,0,0,0,0,0
2026-07-18T00:30:00.000+02:00,589,0,0,0,589,1,0,0,0,0,0,0,0,0,0,0,0,0
2026-07-18T00:45:00.000+02:00,570,0,0,0,568.67,1,0,0,0,0,0,0,0,0,0,0,0,0
2026-07-18T01:00:00.000+02:00,563,0,0,0,562.33,1,0,0,0,0,0,0,0,0,0,0,0,0
2026-07-18T01:15:00.000+02:00,542,0,0,0,540.67,1,0,0,0,0,0,0,0,0,0,0,0,0
2026-07-18T01:30:00.000+02:00,534,0,0,0,533,1,0,0,0,0,0,0,0,0,0,0,0,0
2026-07-18T01:45:00.000+02:00,519,0,0,0,518.67,1,0,0,0,0,0,0,0,0,0,0,0,0
2026-07-18T02:00:00.000+02:00,541,0,0,0,540.67,1,0,0,0,0,0,0,0,0,0,0,0,0
2026-07-18T02:15:00.000+02:00,561,0,0,0,560.33,1,0,0,0,0,0,0,0,0,0,0,0,0
2026-07-18T02:30:00.000+02:00,554,0,0,0,554.33,1,0,0,0,0,0,0,0,0,0,0,0,0
2026-07-18T02:45:00.000+02:00,526,0,0,0,525.67,1,0,0,0,0,0,0,0,0,0,0,0,0
2026-07-18T03:00:00.000+02:00,558,0,0,0,558,1,0,0,0,0,0,0,0,0,0,0,0,0
2026-07-18T03:15:00.000+02:00,582,0,0,0,581.33,1,0,0,0,0,0,0,0,0,0,0,0,0
2026-07-18T03:30:00.000+02:00,578,0,0,0,577.67,1,0,0,0,0,0,0,0,0,0,0,0,0
2026-07-18T03:45:00.000+02:00,572,0,0,0,571.67,1,0,0,0,0,0,0,0,0,0,0,0,0
2026-07-18T04:00:00.000+02:00,568,0,0,0,567.67,1,0,0,0,0,0,0,0,0,0,0,0,0
2026-07-18T04:15:00.000+02:00,572,0,0,0,572.33,1,0,0,0,0,0,0,0,0,0,0,0,0
2026-07-18T04:30:00.000+02:00,561,0,0,0,561,1,0,0,0,0,0,0,0,0,0,0,0,0
2026-07-18T04:45:00.000+02:00,517,0,0,0,516.67,1,0,0,0,0,0,0,0,0,0,0,0,0
2026-07-18T05:00:00.000+02:00,515,0,0,0,514.33,1,0,0,0,0,0,0,0,0,0,0,0,0
2026-07-18T05:15:00.000+02:00,540,0,0,0,539.67,1,0,0,0,0,0,0,0,0,0,0,0,0
2026-07-18T05:30:00.000+02:00,549,0,0,0,548.33,1,0,0,0,0,0,0,0,0,0,0,0,0
2026-07-18T05:45:00.000+02:00,712,0,0,0,711.33,1,0,0,0,0,0,0,0,0,0,0,0,0
2026-07-18T06:00:00.000+02:00,854,1,0,0,852.67,1,0.67,1,148.33,1,0,0,0,0,0,0,0,0
2026-07-18T06:15:00.000+02:00,881,3,0,0,877.33,1,2.67,1,153,1,0,0,0,0,0,0,0,0
2026-07-18T06:30:00.000+02:00,874,112,0,0,762.33,1,111.67,1,134.67,1,0,0,0,0,0,0,0,0
2026-07-18T06:45:00.000+02:00,841,207,0,0,634,1,206.67,1,129,1,0,0,0,0,0,0,0,0
2026-07-18T07:00:00.000+02:00,771,277,0,0,493.67,1,277.33,1,90,1,0,0,0,0,0,0,0,0
2026-07-18T07:15:00.000+02:00,818,353,0,0,464.67,1,352.67,1,144.67,1,0,0,0,0,0,0,0,0
2026-07-18T07:30:00.000+02:00,807,459,0,0,347.33,1,458.67,1,99.67,1,0,0,0,0,0,0,0,0
2026-07-18T07:45:00.000+02:00,829,590,0,0,238.33,1,590,1,130,1,0,0,0,0,0,0,0,0
2026-07-18T08:00:00.000+02:00,818,714,0,0,103.33,1,714.33,1,115,1,0,0,0,0,0,0,0,0
2026-07-18T08:15:00.000+02:00,834,836,0,0,-2,1,836,1,96.67,1,0,0,0,0,0,0,0,0
2026-07-18T08:30:00.000+02:00,884,984,0,0,-99.67,1,983.67,1,138,1,0,0,0,0,0,0,0,0
2026-07-18T08:45:00.000+02:00,832,1293,0,0,-461,1,1293.33,1,74.33,1,0,0,0,0,0,0,0,0
2026-07-18T09:00:00.000+02:00,806,1466,0,0,-659.33,1,1466,1,129.67,1,0,0,0,0,0,0,0,0
2026-07-18T09:15:00.000+02:00,796,1384,0,0,-587.33,1,1384.33,1,113,1,0,0,0,0,0,0,0,0
2026-07-18T09:30:00.000+02:00,818,1677,0,0,-858.67,1,1677,1,101.33,1,0,0,0,0,0,0,0,0
2026-07-18T09:45:00.000+02:00,842,2144,0,0,-1301.67,1,2144,1,133.67,1,0,0,0,0,0,0,0,0
2026-07-18T10:00:00.000+02:00,770,2082,0,0,-1312,1,2082.33,1,73,1,0,0,0,0,0,0,0,0
2026-07-18T10:15:00.000+02:00,795,2114,0,0,-1318.33,1,2114.33,1,131.33,1,0,0,0,0,0,0,0,0
2026-07-18T10:30:00.000+02:00,751,2181,0,0,-1430.33,1,2181.33,1,95.33,1,0,0,0,0,0,0,0,0
2026-07-18T10:45:00.000+02:00,745,2262,0,0,-1517,1,2261.67,1,102.67,1,0,0,0,0,0,0,0,0
2026-07-18T11:00:00.000+02:00,723,2338,0,0,-1615,1,2338,1,114,1,0,0,0,0,0,0,0,0
2026-07-18T11:15:00.000+02:00,700,2396,0,0,-1695.67,1,2396,1,69.33,1,0,0,0,0,0,0,0,0
2026-07-18T11:30:00.000+02:00,768,2445,0,0,-1676,1,2445,1,118.33,1,0,0,0,0,0,0,0,0
2026-07-18T11:45:00.000+02:00,788,2316,0,0,-1528.33,1,2316.33,1,108.33,1,0,0,0,0,0,0,0,0
2026-07-18T12:00:00.000+02:00,768,2360,0,0,-1591.33,1,2359.67,1,70.67,1,0,0,0,0,0,0,0,0
2026-07-18T12:15:00.000+02:00,775,2697,0,0,-1923.33,1,2697.33,1,118.33,1,0,0,0,0,0,0,0,0
2026-07-18T12:30:00.000+02:00,771,2744,0,0,-1979.33,1,2744,1,89,1,0,0,0,0,0,0,0,0
2026-07-18T12:45:00.000+02:00,738,2768,0,0,-2030.33,1,2768.33,1,82.67,1,0,0,0,0,0,0,0,0
2026-07-18T13:00:00.000+02:00,703,2940,0,0,-2236,1,2940,1,112.33,1,0,0,0,0,0,0,0,0
2026-07-18T13:15:00.000+02:00,710,2295,0,0,-1583.67,1,2294.67,1,79,1,0,0,0,0,0,0,0,0
2026-07-18T13:30:00.000+02:00,742,1116,0,0,-374.33,1,1116,1,93.33,1,0,0,0,0,0,0,0,0
2026-07-18T13:45:00.000+02:00,754,2396,0,0,-1645.67,1,2395.67,1,108.33,1,0,0,0,0,0,0,0,0
2026-07-18T14:00:00.000+02:00,669,3011,0,0,-2351.67,1,3010.67,1,62,1,0,0,0,0,0,0,0,0
2026-07-18T14:15:00.000+02:00,720,1245,0,0,-524.33,1,1245,1,109.67,1,0,0,0,0,0,0,0,0
2026-07-18T14:30:00.000+02:00,707,1108,0,0,-401,1,1108.33,1,104,1,0,0,0,0,0,0,0,0
2026-07-18T14:45:00.000+02:00,738,2973,0,0,-2234.33,1,2973,1,60.67,1,0,0,0,0,0,0,0,0
2026-07-18T15:00:00.000+02:00,749,1858,0,0,-1109,1,1858,1,108.67,1,0,0,0,0,0,0,0,0
2026-07-18T15:15:00.000+02:00,720,2312,0,0,-1598.33,1,2312.33,1,95.33,1,0,0,0,0,0,0,0,0
2026-07-18T15:30:00.000+02:00,731,689,0,0,42.33,1,689.33,1,68.67,1,0,0,0,0,0,0,0,0
2026-07-18T15:45:00.000+02:00,770,590,0,0,178.67,1,590.33,1,110.33,1,0,0,0,0,0,0,0,0
2026-07-18T16:00:00.000+02:00,718,1695,0,0,-977.33,1,1695,1,77.33,1,0,0,0,0,0,0,0,0
2026-07-18T16:15:00.000+02:00,672,1867,0,0,-1194.67,1,1866.67,1,88,1,0,0,0,0,0,0,0,0
2026-07-18T16:30:00.000+02:00,708,1519,0,0,-810.33,1,1518.67,1,108,1,0,0,0,0,0,0,0,0
2026-07-18T16:45:00.000+02:00,685,705,0,0,-19.33,1,704.67,1,70,1,0,0,0,0,0,0,0,0
2026-07-18T17:00:00.000+02:00,721,1788,0,0,-1066.67,1,1787.67,1,115.33,1,0,0,0,0,0,0,0,0
2026-07-18T17:15:00.000+02:00,713,1247,0,0,-534.33,1,1247,1,105,1,0,0,0,0,0,0,0,0
2026-07-18T17:30:00.000+02:00,703,860,0,0,-158,1,860.33,1,74.67,1,0,0,0,0,0,0,0,0
2026-07-18T17:45:00.000+02:00,791,321,0,0,470.33,1,321,1,116.67,1,0,0,0,0,0,0,0,0
2026-07-18T18:00:00.000+02:00,738,181,0,0,557,1,180.67,1,77.33,1,0,0,0,0,0,0,0,0
2026-07-18T18:15:00.000+02:00,717,44,0,0,672.67,1,43.67,1,107.67,1,0,0,0,0,0,0,0,0
2026-07-18T18:30:00.000+02:00,749,149,0,0,599,1,149.33,1,118,1,0,0,0,0,0,0,0,0
2026-07-18T18:45:00.000+02:00,721,423,0,0,297.67,1,423,1,81,1,0,0,0,0,0,0,0,0
2026-07-18T19:00:00.000+02:00,761,244,0,0,517.33,1,243.67,1,128.67,1,0,0,0,0,0,0,0,0
2026-07-18T19:15:00.000+02:00,664,2,0,0,661,1,2.33,1,77.67,1,0,0,0,0,0,0,0,0
2026-07-18T19:30:00.000+02:00,663,446,0,0,218,1,445.67,1,99,1,0,0,0,0,0,0,0,0
2026-07-18T19:45:00.000+02:00,715,437,0,0,277.33,1,437.33,1,133.67,1,0,0,0,0,0,0,0,0
2026-07-18T20:00:00.000+02:00,832,484,0,0,348,1,484,1,77.67,1,0,0,0,0,0,0,0,0
2026-07-18T20:15:00.000+02:00,852,332,0,0,519,1,332.33,1,127.33,1,0,0,0,0,0,0,0,0
2026-07-18T20:30:00.000+02:00,815,17,0,0,798,1,17,1,93.67,1,0,0,0,0,0,0,0,0
2026-07-18T20:45:00.000+02:00,889,0,0,0,888.33,1,0.33,1,106.33,1,0,0,0,0,0,0,0,0
2026-07-18T21:00:00.000+02:00,819,0,0,0,818.33,1,0.33,1,0,0,0,0,0,0,0,0,0,0
2026-07-18T21:15:00.000+02:00,782,0,0,0,781,1,0,0,0,0,0,0,0,0,0,0,0,0
2026-07-18T21:30:00.000+02:00,766,0,0,0,766,1,0,0,0,0,0,0,0,0,0,0,0,0
2026-07-18T21:45:00.000+02:00,786,0,0,0,785.33,1,0,0,0,0,0,0,0,0,0,0,0,0
2026-07-18T22:00:00.000+02:00,565,0,0,0,564.67,1,0,0,0,0,0,0,0,0,0,0,0,0
2026-07-18T22:15:00.000+02:00,520,0,0,0,519,1,0,0,0,0,0,0,0,0,0,0,0,0
2026-07-18T22:30:00.000+02:00,511,0,0,0,510,1,0,0,0,0,0,0,0,0,0,0,0,0
2026-07-18T22:45:00.000+02:00,564,0,0,0,563.33,1,0,0,0,0,0,0,0,0,0,0,0,0
2026-07-18T23:00:00.000+02:00,568,0,0,0,567.33,1,0,0,0,0,0,0,0,0,0,0,0,0
2026-07-18T23:15:00.000+02:00,543,0,0,0,542.33,1,0,0,0,0,0,0,0,0,0,0,0,0
2026-07-18T23:30:00.000+02:00,532,0,0,0,531.33,1,0,0,0,0,0,0,0,0,0,0,0,0
2026-07-18T23:45:00.000+02:00,576,0,0,0,576,1,0,0,2.67,1,0,0,0,0,0,0,0,0
2026-07-19T00:00:00.000+02:00,630,0,0,0,629.33,1,0,0,44,1,0,0,0,0,0,0,0,0
2026-07-19T00:15:00.000+02:00,570,0,0,0,569,1,0,0,0,0,0,0,0,0,0,0,0,0
2026-07-19T00:30:00.000+02:00,697,0,0,0,696.33,1,0,0,0,0,0,0,0,0,0,0,0,0
2026-07-19T00:45:00.000+02:00,642,0,0,0,641.67,1,0,0,0,0,0,0,0,0,0,0,0,0
2026-07-19T01:00:00.000+02:00,580,0,0,0,580,1,0,0,0,0,0,0,0,0,0,0,0,0
2026-07-19T01:15:00.000+02:00,606,0,0,0,605.33,1,0,0,0,0,0,0,0,0,0,0,0,0
2026-07-19T01:30:00.000+02:00,583,0,0,0,582.33,1,0,0,0,0,0,0,0,0,0,0,0,0
2026-07-19T01:45:00.000+02:00,556,0,0,0,555.33,1,0,0,0,0,0,0,0,0,0,0,0,0
2026-07-19T02:00:00.000+02:00,508,0,0,0,507.67,1,0,0,0,0,0,0,0,0,0,0,0,0
2026-07-19T02:15:00.000+02:00,521,0,0,0,521.33,1,0,0,0,0,0,0,0,0,0,0,0,0
2026-07-19T02:30:00.000+02:00,586,0,0,0,586,1,0,0,0,0,0,0,0,0,0,0,0,0
2026-07-19T02:45:00.000+02:00,599,0,0,0,598.67,1,0,0,0,0,0,0,0,0,0,0,0,0
2026-07-19T03:00:00.000+02:00,573,0,0,0,572,1,0,0,0,0,0,0,0,0,0,0,0,0
2026-07-19T03:15:00.000+02:00,573,0,0,0,571.67,1,0,0,0,0,0,0,0,0,0,0,0,0
2026-07-19T03:30:00.000+02:00,587,0,0,0,586.67,1,0,0,0,0,0,0,0,0,0,0,0,0
2026-07-19T03:45:00.000+02:00,553,0,0,0,553,1,0,0,0,0,0,0,0,0,0,0,0,0
2026-07-19T04:00:00.000+02:00,518,0,0,0,517,1,0,0,0,0,0,0,0,0,0,0,0,0
2026-07-19T04:15:00.000+02:00,513,0,0,0,512.67,1,0,0,0,0,0,0,0,0,0,0,0,0
2026-07-19T04:30:00.000+02:00,566,0,0,0,565,1,0,0,0,0,0,0,0,0,0,0,0,0
2026-07-19T04:45:00.000+02:00,561,0,0,0,560.33,1,0,0,0,0,0,0,0,0,0,0,0,0
2026-07-19T05:00:00.000+02:00,544,0,0,0,543.67,1,0,0,0,0,0,0,0,0,0,0,0,0
2026-07-19T05:15:00.000+02:00,525,0,0,0,525,1,0,0,0,0,0,0,0,0,0,0,0,0
2026-07-19T05:30:00.000+02:00,557,0,0,0,556.67,1,0,0,0,0,0,0,0,0,0,0,0,0
2026-07-19T05:45:00.000+02:00,741,0,0,0,740.67,1,0,0,0,0,0,0,0,0,0,0,0,0
2026-07-19T06:00:00.000+02:00,916,1,0,0,914,1,0.67,1,206,1,0,0,0,0,0,0,0,0
2026-07-19T06:15:00.000+02:00,842,2,0,0,840,1,1.67,1,143,1,0,0,0,0,0,0,0,0
2026-07-19T06:30:00.000+02:00,866,70,0,0,795.67,1,69.67,1,142.33,1,0,0,0,0,0,0,0,0
2026-07-19T06:45:00.000+02:00,856,169,0,0,685.33,1,169.33,1,144,1,0,0,0,0,0,0,0,0
2026-07-19T07:00:00.000+02:00,816,244,0,0,572.67,1,243.67,1,118.67,1,0,0,0,0,0,0,0,0
2026-07-19T07:15:00.000+02:00,797,362,0,0,434.67,1,362,1,124,1,0,0,0,0,0,0,0,0
2026-07-19T07:30:00.000+02:00,815,486,0,0,328.67,1,486,1,142.67,1,0,0,0,0,0,0,0,0
2026-07-19T07:45:00.000+02:00,781,719,0,0,61,1,719.33,1,92.33,1,0,0,0,0,0,0,0,0
2026-07-19T08:00:00.000+02:00,834,480,0,0,354.33,1,480,1,147.67,1,0,0,0,0,0,0,0,0
2026-07-19T08:15:00.000+02:00,778,323,0,0,454.67,1,322.67,1,102,1,0,0,0,0,0,0,0,0
2026-07-19T08:30:00.000+02:00,813,329,0,0,484,1,329,1,103.67,1,0,0,0,0,0,0,0,0
2026-07-19T08:45:00.000+02:00,879,520,0,0,358.67,1,519.67,1,136.67,1,0,0,0,0,0,0,0,0
2026-07-19T09:00:00.000+02:00,627,543,0,0,84,1,543,1,1,1,0,0,0,0,0,0,0,0
2026-07-19T09:15:00.000+02:00,582,397,0,0,185.33,1,396.67,1,0,0,0,0,0,0,0,0,0,0
2026-07-19T09:30:00.000+02:00,555,278,0,0,276.67,1,278,1,0,0,0,0,0,0,0,0,0,0
2026-07-19T09:45:00.000+02:00,542,144,0,0,397.33,1,144.33,1,0,0,0,0,0,0,0,0,0,0
2026-07-19T10:00:00.000+02:00,589,223,0,0,366,1,222.67,1,0,0,0,0,0,0,0,0,0,0
2026-07-19T10:15:00.000+02:00,587,935,0,0,-347.67,1,935,1,25.67,1,0,0,0,0,0,0,0,0
2026-07-19T10:30:00.000+02:00,721,1273,0,0,-552.33,1,1273.33,1,173,1,0,0,0,0,0,0,0,0
2026-07-19T10:45:00.000+02:00,630,828,0,0,-197.33,1,827.67,1,67.67,1,0,0,0,0,0,0,0,0
2026-07-19T11:00:00.000+02:00,725,1307,0,0,-581.33,1,1306.67,1,151.33,1,0,0,0,0,0,0,0,0
2026-07-19T11:15:00.000+02:00,620,1447,0,0,-826.33,1,1447,1,78.67,1,0,0,0,0,0,0,0,0
2026-07-19T11:30:00.000+02:00,710,1608,0,0,-899.33,1,1608.33,1,125.67,1,0,0,0,0,0,0,0,0
2026-07-19T11:45:00.000+02:00,773,2313,0,0,-1540.33,1,2312.67,1,127,1,0,0,0,0,0,0,0,0
2026-07-19T12:00:00.000+02:00,752,2727,0,0,-1975,1,2727,1,86.67,1,0,0,0,0,0,0,0,0
2026-07-19T12:15:00.000+02:00,800,2832,0,0,-2032,1,2832,1,130,1,0,0,0,0,0,0,0,0
2026-07-19T12:30:00.000+02:00,725,2693,0,0,-1967.67,1,2693.33,1,79.67,1,0,0,0,0,0,0,0,0
2026-07-19T12:45:00.000+02:00,761,2695,0,0,-1934.33,1,2695,1,111,1,0,0,0,0,0,0,0,0
2026-07-19T13:00:00.000+02:00,803,2727,0,0,-1923.33,1,2727.33,1,122.67,1,0,0,0,0,0,0,0,0
2026-07-19T13:15:00.000+02:00,735,2695,0,0,-1959,1,2695.33,1,79.33,1,0,0,0,0,0,0,0,0
2026-07-19T13:30:00.000+02:00,766,2427,0,0,-1661,1,2426.67,1,123.33,1,0,0,0,0,0,0,0,0
2026-07-19T13:45:00.000+02:00,714,2374,0,0,-1661.33,1,2374.33,1,85.67,1,0,0,0,0,0,0,0,0
2026-07-19T14:00:00.000+02:00,797,2156,0,0,-1358.33,1,2155.67,1,100,1,0,0,0,0,0,0,0,0
2026-07-19T14:15:00.000+02:00,787,1007,0,0,-220.67,1,1007.33,1,123,1,0,0,0,0,0,0,0,0
2026-07-19T14:30:00.000+02:00,715,1697,0,0,-983.33,1,1697,1,61.67,1,0,0,0,0,0,0,0,0
2026-07-19T14:45:00.000+02:00,815,1777,0,0,-962.33,1,1777.33,1,111,1,0,0,0,0,0,0,0,0
2026-07-19T15:00:00.000+02:00,780,1626,0,0,-846,1,1626,1,94.33,1,0,0,0,0,0,0,0,0
2026-07-19T15:15:00.000+02:00,751,2597,0,0,-1845.67,1,2597,1,82,1,0,0,0,0,0,0,0,0
2026-07-19T15:30:00.000+02:00,732,2522,0,0,-1789.33,1,2521.67,1,107,1,0,0,0,0,0,0,0,0
2026-07-19T15:45:00.000+02:00,660,1816,0,0,-1159.33,1,1816.33,1,77.67,1,0,0,0,0,0,0,0,0
2026-07-19T16:00:00.000+02:00,750,2121,0,0,-1371,1,2121,1,87,1,0,0,0,0,0,0,0,0
2026-07-19T16:15:00.000+02:00,742,1107,0,0,-365,1,1107,1,103.33,1,0,0,0,0,0,0,0,0
2026-07-19T16:30:00.000+02:00,655,1755,0,0,-1099,1,1754.67,1,60.33,1,0,0,0,0,0,0,0,0
2026-07-19T16:45:00.000+02:00,704,1067,0,0,-363,1,1067,1,93.33,1,0,0,0,0,0,0,0,0
2026-07-19T17:00:00.000+02:00,716,1829,0,0,-1112,1,1828.67,1,101.67,1,0,0,0,0,0,0,0,0
2026-07-19T17:15:00.000+02:00,683,1612,0,0,-928.67,1,1612.33,1,61.67,1,0,0,0,0,0,0,0,0
2026-07-19T17:30:00.000+02:00,707,1642,0,0,-935.33,1,1642.33,1,81,1,0,0,0,0,0,0,0,0
2026-07-19T17:45:00.000+02:00,734,1446,0,0,-711.67,1,1446.33,1,93,1,0,0,0,0,0,0,0,0
2026-07-19T18:00:00.000+02:00,752,1052,0,0,-300,1,1052,1,76.33,1,0,0,0,0,0,0,0,0
2026-07-19T18:15:00.000+02:00,741,853,0,0,-111,1,852.67,1,68,1,0,0,0,0,0,0,0,0
2026-07-19T18:30:00.000+02:00,733,603,0,0,130,1,602.67,1,88,1,0,0,0,0,0,0,0,0
2026-07-19T18:45:00.000+02:00,675,801,0,0,-125.67,1,801,1,81.33,1,0,0,0,0,0,0,0,0
2026-07-19T19:00:00.000+02:00,669,667,0,0,2.33,1,666.67,1,59,1,0,0,0,0,0,0,0,0
2026-07-19T19:15:00.000+02:00,694,501,0,0,192.67,1,500.67,1,79,1,0,0,0,0,0,0,0,0
2026-07-19T19:30:00.000+02:00,676,264,0,0,412.33,1,263.33,1,80.67,1,0,0,0,0,0,0,0,0
2026-07-19T19:45:00.000+02:00,686,327,0,0,358.67,1,327.33,1,79.67,1,0,0,0,0,0,0,0,0
2026-07-19T20:00:00.000+02:00,865,238,0,0,626.67,1,238.33,1,54,1,0,0,0,0,0,0,0,0
2026-07-19T20:15:00.000+02:00,899,129,0,0,770,1,129,1,72.33,1,0,0,0,0,0,0,0,0
2026-07-19T20:30:00.000+02:00,908,2,0,0,904.67,1,2,1,75,1,0,0,0,0,0,0,0,0
2026-07-19T20:45:00.000+02:00,874,0,0,0,873,1,0.33,1,72,1,0,0,0,0,0,0,0,0
2026-07-19T21:00:00.000+02:00,837,0,0,0,836.67,1,0.33,1,1.33,1,0,0,0,0,0,0,0,0
2026-07-19T21:15:00.000+02:00,832,0,0,0,831,1,0,0,0,0,0,0,0,0,0,0,0,0
2026-07-19T21:30:00.000+02:00,841,0,0,0,840.33,1,0,0,0,0,0,0,0,0,0,0,0,0
2026-07-19T21:45:00.000+02:00,773,0,0,0,772,1,0,0,0,0,0,0,0,0,0,0,0,0
2026-07-19T22:00:00.000+02:00,546,0,0,0,545.67,1,0,0,0,0,0,0,0,0,0,0,0,0
2026-07-19T22:15:00.000+02:00,561,0,0,0,560.67,1,0,0,0,0,0,0,0,0,0,0,0,0
2026-07-19T22:30:00.000+02:00,549,0,0,0,548.33,1,0,0,0,0,0,0,0,0,0,0,0,0
2026-07-19T22:45:00.000+02:00,516,0,0,0,515.67,1,0,0,0,0,0,0,0,0,0,0,0,0
2026-07-19T23:00:00.000+02:00,511,0,0,0,510.33,1,0,0,0,0,0,0,0,0,0,0,0,0
2026-07-19T23:15:00.000+02:00,546,0,0,0,546,1,0,0,0,0,0,0,0,0,0,0,0,0
2026-07-19T23:30:00.000+02:00,606,0,0,0,605.33,1,0,0,0,0,0,0,0,0,0,0,0,0
2026-07-19T23:45:00.000+02:00,588,0,0,0,587.33,1,0,0,0.33,1,0,0,0,0,0,0,0,0
2026-07-20T00:00:00.000+02:00,574,0,0,0,573,1,0,0,5,1,0,0,0,0,0,0,0,0
2026-07-20T00:15:00.000+02:00,580,0,0,0,580,1,0,0,0,0,0,0,0,0,0,0,0,0
2026-07-20T00:30:00.000+02:00,581,0,0,0,580.33,1,0,0,0,0,0,0,0,0,0,0,0,0
2026-07-20T00:45:00.000+02:00,533,0,0,0,532.67,1,0,0,0,0,0,0,0,0,0,0,0,0
2026-07-20T01:00:00.000+02:00,510,0,0,0,509.33,1,0,0,0,0,0,0,0,0,0,0,0,0
2026-07-20T01:15:00.000+02:00,556,0,0,0,554.67,1,0,0,0,0,0,0,0,0,0,0,0,0
2026-07-20T01:30:00.000+02:00,560,0,0,0,559.33,1,0,0,0,0,0,0,0,0,0,0,0,0
2026-07-20T01:45:00.000+02:00,548,0,0,0,547.67,1,0,0,0,0,0,0,0,0,0,0,0,0
2026-07-20T02:00:00.000+02:00,528,0,0,0,528.33,1,0,0,0,0,0,0,0,0,0,0,0,0
2026-07-20T02:15:00.000+02:00,532,0,0,0,532,1,0,0,0,0,0,0,0,0,0,0,0,0
2026-07-20T02:30:00.000+02:00,567,0,0,0,566.67,1,0,0,0,0,0,0,0,0,0,0,0,0
2026-07-20T02:45:00.000+02:00,572,0,0,0,572,1,0,0,0,0,0,0,0,0,0,0,0,0
2026-07-20T03:00:00.000+02:00,558,0,0,0,557.67,1,0,0,0,0,0,0,0,0,0,0,0,0
2026-07-20T03:15:00.000+02:00,578,0,0,0,578,1,0,0,0,0,0,0,0,0,0,0,0,0
2026-07-20T03:30:00.000+02:00,598,0,0,0,598,1,0,0,0,0,0,0,0,0,0,0,0,0
2026-07-20T03:45:00.000+02:00,568,0,0,0,567.67,1,0,0,0,0,0,0,0,0,0,0,0,0
2026-07-20T04:00:00.000+02:00,525,0,0,0,524.33,1,0,0,0,0,0,0,0,0,0,0,0,0
2026-07-20T04:15:00.000+02:00,514,0,0,0,513.67,1,0,0,0,0,0,0,0,0,0,0,0,0
2026-07-20T04:30:00.000+02:00,540,0,0,0,539.33,1,0,0,0,0,0,0,0,0,0,0,0,0
2026-07-20T04:45:00.000+02:00,540,0,0,0,539.67,1,0,0,0,0,0,0,0,0,0,0,0,0
2026-07-20T05:00:00.000+02:00,551,0,0,0,550.67,1,0,0,0,0,0,0,0,0,0,0,0,0
2026-07-20T05:15:00.000+02:00,529,0,0,0,528.33,1,0,0,0,0,0,0,0,0,0,0,0,0
2026-07-20T05:30:00.000+02:00,1460,0,0,0,1460,1,0,0,0,0,883.67,1,0,0,0,0,0,0
2026-07-20T05:45:00.000+02:00,1703,0,0,0,1703.33,1,0,0,0,0,925.33,1,0,0,0,0,0,0
2026-07-20T06:00:00.000+02:00,1639,1,0,0,1637.33,1,1,1,21.33,1,902.67,1,0,0,0,0,0,0
2026-07-20T06:15:00.000+02:00,1616,2,0,0,1614.33,1,2,1,13.67,1,926,1,0,0,0,0,0,0
2026-07-20T06:30:00.000+02:00,1631,74,0,0,1556,1,74.33,1,13,1,926.33,1,0,0,0,0,0,0
2026-07-20T06:45:00.000+02:00,1572,183,0,0,1387.67,1,183.33,1,0,1,864.67,1,0,0,0,0,0,0
2026-07-20T07:00:00.000+02:00,1637,254,0,0,1383,1,253.67,1,0,1,925.33,1,0,0,0,0,0,0
2026-07-20T07:15:00.000+02:00,1601,330,0,0,1270.33,1,330,1,0,1,925.33,1,0,0,0,0,0,0
2026-07-20T07:30:00.000+02:00,846,463,0,0,382.33,1,463.33,1,0,1,168,1,0,0,0,0,0,0
2026-07-20T07:45:00.000+02:00,806,576,0,0,230,1,576.33,1,0,1,122.67,1,0,0,0,0,0,0
2026-07-20T08:00:00.000+02:00,736,682,0,0,54.67,1,682.33,1,0,1,43,1,0,0,0,0,0,0
2026-07-20T08:15:00.000+02:00,661,766,0,0,-105.33,1,766.33,1,0,1,0,0,0,0,0,0,0,0
2026-07-20T08:30:00.000+02:00,679,1065,0,0,-385,1,1064.67,1,0,1,0,0,0,0,0,0,0,0
2026-07-20T08:45:00.000+02:00,747,1419,0,0,-672,1,1419.33,1,0,1,0,0,0,0,0,0,0,0
2026-07-20T09:00:00.000+02:00,634,1143,0,0,-508.33,1,1143,1,0,1,0,0,0,0,0,0,0,0
2026-07-20T09:15:00.000+02:00,589,1508,0,0,-919,1,1508.33,1,0,1,0,0,0,0,0,0,0,0
2026-07-20T09:30:00.000+02:00,586,1869,0,0,-1282,1,1868.67,1,0,1,0,0,0,0,0,0,0,0
2026-07-20T09:45:00.000+02:00,568,1844,0,0,-1275.33,1,1844,1,0,1,0,0,0,0,0,0,0,0
2026-07-20T10:00:00.000+02:00,596,2004,0,0,-1407,1,2003.67,1,0,1,0,0,0,0,0,0,0,0
2026-07-20T10:15:00.000+02:00,542,2043,0,0,-1501,1,2043,1,0,1,0,0,0,0,0,0,0,0
2026-07-20T10:30:00.000+02:00,550,2050,0,0,-1500,1,2050.33,1,0,1,0,0,0,0,0,0,0,0
2026-07-20T10:45:00.000+02:00,626,1901,0,0,-1274,1,1900.67,1,0,1,0,0,0,0,0,0,0,0
2026-07-20T11:00:00.000+02:00,634,2136,0,0,-1501,1,2136,1,0,1,0,0,0,0,0,0,0,0
2026-07-20T11:15:00.000+02:00,627,2215,0,0,-1587.33,1,2215.33,1,0,1,0,0,0,0,0,0,0,0
2026-07-20T11:30:00.000+02:00,609,2290,0,0,-1680.33,1,2290,1,0,1,0,0,0,0,0,0,0,0
2026-07-20T11:45:00.000+02:00,636,2564,0,0,-1927,1,2563.67,1,0,1,0,0,0,0,0,0,0,0
2026-07-20T12:00:00.000+02:00,656,2541,0,0,-1885.33,1,2541.33,1,0,1,0,0,0,0,0,0,0,0
2026-07-20T12:15:00.000+02:00,682,2532,0,0,-1849.67,1,2531.67,1,0,1,0,0,0,0,0,0,0,0
2026-07-20T12:30:00.000+02:00,669,2671,0,0,-2000.33,1,2670.67,1,0,1,0,0,0,0,0,0,0,0
2026-07-20T12:45:00.000+02:00,648,2638,0,0,-1989.33,1,2638.33,1,0,1,0,0,0,0,0,0,0,0
2026-07-20T13:00:00.000+02:00,684,2772,0,0,-2088,1,2772.33,1,0,1,0,0,0,0,0,0,0,0
2026-07-20T13:15:00.000+02:00,667,2813,0,0,-2144.67,1,2812.33,1,0,1,0,0,0,0,0,0,0,0
2026-07-20T13:30:00.000+02:00,618,2797,0,0,-2178,1,2796.67,1,0,1,0,0,0,0,0,0,0,0
2026-07-20T13:45:00.000+02:00,611,2749,0,0,-2137.33,1,2749.33,1,0,1,0,0,0,0,0,0,0,0
2026-07-20T14:00:00.000+02:00,630,2730,0,0,-2099,1,2729.67,1,0,1,0,0,0,0,0,0,0,0
2026-07-20T14:15:00.000+02:00,646,2710,0,0,-2063.33,1,2710,1,0,1,0,0,0,0,0,0,0,0
2026-07-20T14:30:00.000+02:00,644,2690,0,0,-2045,1,2689.67,1,0,1,0,0,0,0,0,0,0,0
2026-07-20T14:45:00.000+02:00,648,2644,0,0,-1995,1,2643.33,1,0,1,0,0,0,0,0,0,0,0
2026-07-20T15:00:00.000+02:00,677,2610,0,0,-1932.33,1,2610,1,0,1,0,0,0,0,0,0,0,0
2026-07-20T15:15:00.000+02:00,665,2532,0,0,-1867.33,1,2532.33,1,0,1,0,0,0,0,0,0,0,0
2026-07-20T15:30:00.000+02:00,632,2491,0,0,-1858.67,1,2491.33,1,0,1,0,0,0,0,0,0,0,0
2026-07-20T15:45:00.000+02:00,601,2401,0,0,-1800,1,2401.33,1,0,1,0,0,0,0,0,0,0,0
2026-07-20T16:00:00.000+02:00,632,2334,0,0,-1702.33,1,2334,1,0,1,0,0,0,0,0,0,0,0
2026-07-20T16:15:00.000+02:00,645,2251,0,0,-1605.33,1,2251,1,0,1,0,0,0,0,0,0,0,0
2026-07-20T16:30:00.000+02:00,612,2167,0,0,-1554.67,1,2167,1,0,1,0,0,0,0,0,0,0,0
2026-07-20T16:45:00.000+02:00,608,2076,0,0,-1467,1,2075.67,1,0,1,0,0,0,0,0,0,0,0
2026-07-20T17:00:00.000+02:00,632,1964,0,0,-1332,1,1964.33,1,0,1,0,0,0,0,0,0,0,0
2026-07-20T17:15:00.000+02:00,620,1848,0,0,-1227,1,1847.67,1,0,1,0,0,0,0,0,0,0,0
2026-07-20T17:30:00.000+02:00,614,1715,0,0,-1099.33,1,1714.67,1,0,1,0,0,0,0,0,0,0,0
2026-07-20T17:45:00.000+02:00,625,1586,0,0,-961,1,1586.33,1,0,1,0,0,0,0,0,0,0,0
2026-07-20T18:00:00.000+02:00,676,1454,0,0,-777.33,1,1454,1,0,1,0,0,0,0,0,0,0,0
2026-07-20T18:15:00.000+02:00,671,1318,0,0,-646,1,1318,1,0,1,0,0,0,0,0,0,0,0
2026-07-20T18:30:00.000+02:00,648,1161,0,0,-512.67,1,1161,1,0,1,0,0,0,0,0,0,0,0
2026-07-20T18:45:00.000+02:00,612,997,0,0,-385,1,997.33,1,0,1,0,0,0,0,0,0,0,0
2026-07-20T19:00:00.000+02:00,612,844,0,0,-231.67,1,843.67,1,0,1,0,0,0,0,0,0,0,0
2026-07-20T19:15:00.000+02:00,613,692,0,0,-79,1,692.33,1,0,1,0,0,0,0,0,0,0,0
2026-07-20T19:30:00.000+02:00,594,556,0,0,37.33,1,556,1,0,1,0,0,0,0,0,0,0,0
2026-07-20T19:45:00.000+02:00,604,433,0,0,170.33,1,432.67,1,0,1,0,0,0,0,0,0,0,0
2026-07-20T20:00:00.000+02:00,814,310,0,0,504,1,309.67,1,0,1,0,0,0,0,0,0,0,0
2026-07-20T20:15:00.000+02:00,826,190,0,0,635.33,1,189.67,1,0,1,0,0,0,0,0,0,0,0
2026-07-20T20:30:00.000+02:00,822,92,0,0,728.67,1,92.33,1,0,1,0,0,0,0,0,0,0,0
2026-07-20T20:45:00.000+02:00,804,1,0,0,803,1,1,1,0,1,0,0,0,0,0,0,0,0
2026-07-20T21:00:00.000+02:00,837,0,0,0,836.67,1,0.33,1,0,0,0,0,0,0,0,0,0,0
2026-07-20T21:15:00.000+02:00,834,0,0,0,833.67,1,0,0,0,0,0,0,0,0,0,0,0,0
2026-07-20T21:30:00.000+02:00,828,0,0,0,827.67,1,0,0,0,0,0,0,0,0,0,0,0,0
2026-07-20T21:45:00.000+02:00,780,0,0,0,779.33,1,0,0,0,0,0,0,0,0,0,0,0,0
2026-07-20T22:00:00.000+02:00,559,0,0,0,558,1,0,0,0,0,0,0,0,0,0,0,0,0
2026-07-20T22:15:00.000+02:00,567,0,0,0,566.33,1,0,0,0,0,0,0,0,0,0,0,0,0
2026-07-20T22:30:00.000+02:00,530,0,0,0,529.33,1,0,0,0,0,0,0,0,0,0,0,0,0
2026-07-20T22:45:00.000+02:00,512,0,0,0,511.67,1,0,0,0,0,0,0,0,0,0,0,0,0
2026-07-20T23:00:00.000+02:00,541,0,0,0,540.67,1,0,0,0,0,0,0,0,0,0,0,0,0
2026-07-20T23:15:00.000+02:00,541,0,0,0,540.67,1,0,0,0,0,0,0,0,0,0,0,0,0
2026-07-20T23:30:00.000+02:00,576,0,0,0,575.67,1,0,0,0,0,0,0,0,0,0,0,0,0
2026-07-20T23:45:00.000+02:00,568,0,0,0,568,1,0,0,0.33,1,0,0,0,0,0,0,0,0
2026-07-21T00:00:00.000+02:00,594,0,0,0,594,1,0,0,5,1,0,0,0,0,0,0,0,0
2026-07-21T00:15:00.000+02:00,602,0,0,0,601,1,0,0,0,0,0,0,0,0,0,0,0,0
2026-07-21T00:30:00.000+02:00,570,0,0,0,570,1,0,0,0,0,0,0,0,0,0,0,0,0
2026-07-21T00:45:00.000+02:00,514,0,0,0,513.33,1,0,0,0,0,0,0,0,0,0,0,0,0
2026-07-21T01:00:00.000+02:00,528,0,0,0,527.67,1,0,0,0,0,0,0,0,0,0,0,0,0
2026-07-21T01:15:00.000+02:00,554,0,0,0,553.33,1,0,0,0,0,0,0,0,0,0,0,0,0
2026-07-21T01:30:00.000+02:00,557,0,0,0,557,1,0,0,0,0,0,0,0,0,0,0,0,0
2026-07-21T01:45:00.000+02:00,530,0,0,0,529,1,0,0,0,0,0,0,0,0,0,0,0,0
2026-07-21T02:00:00.000+02:00,542,0,0,0,541.33,1,0,0,0,0,0,0,0,0,0,0,0,0
2026-07-21T02:15:00.000+02:00,552,0,0,0,552,1,0,0,0,0,0,0,0,0,0,0,0,0
2026-07-21T02:30:00.000+02:00,564,0,0,0,563.67,1,0,0,0,0,0,0,0,0,0,0,0,0
2026-07-21T02:45:00.000+02:00,549,0,0,0,549,1,0,0,0,0,0,0,0,0,0,0,0,0
2026-07-21T03:00:00.000+02:00,565,0,0,0,565,1,0,0,0,0,0,0,0,0,0,0,0,0
2026-07-21T03:15:00.000+02:00,610,0,0,0,610,1,0,0,0,0,0,0,0,0,0,0,0,0
2026-07-21T03:30:00.000+02:00,603,0,0,0,602.33,1,0,0,0,0,0,0,0,0,0,0,0,0
2026-07-21T03:45:00.000+02:00,538,0,0,0,537.33,1,0,0,0,0,0,0,0,0,0,0,0,0
2026-07-21T04:00:00.000+02:00,544,0,0,0,543,1,0,0,0,0,0,0,0,0,0,0,0,0
2026-07-21T04:15:00.000+02:00,544,0,0,0,543.33,1,0,0,0,0,0,0,0,0,0,0,0,0
2026-07-21T04:30:00.000+02:00,546,0,0,0,545.67,1,0,0,0,0,0,0,0,0,0,0,0,0
2026-07-21T04:45:00.000+02:00,511,0,0,0,510.33,1,0,0,0,0,0,0,0,0,0,0,0,0
2026-07-21T05:00:00.000+02:00,550,0,0,0,549.67,1,0,0,0,0,0,0,0,0,0,0,0,0
2026-07-21T05:15:00.000+02:00,568,0,0,0,568.33,1,0,0,0,0,0,0,0,0,0,0,0,0
2026-07-21T05:30:00.000+02:00,598,0,0,0,597.33,1,0,0,0,0,0,0,0,0,0,0,0,0
2026-07-21T05:45:00.000+02:00,750,0,0,0,749.33,1,0,0,0,0,0,0,0,0,0,0,0,0
2026-07-21T06:00:00.000+02:00,698,0,0,0,697.33,1,0.33,1,5.67,1,0,0,0,0,0,0,0,0
2026-07-21T06:15:00.000+02:00,708,4,0,0,703.33,1,4.33,1,0,1,0,0,0,0,0,0,0,0
2026-07-21T06:30:00.000+02:00,700,87,0,0,612,1,87,1,0,1,0,0,0,0,0,0,0,0
2026-07-21T06:45:00.000+02:00,684,225,0,0,458.33,1,225.33,1,0,1,0,0,0,0,0,0,0,0
2026-07-21T07:00:00.000+02:00,674,312,0,0,362,1,311.67,1,0,1,0,0,0,0,0,0,0,0
2026-07-21T07:15:00.000+02:00,692,458,0,0,234,1,458,1,0,1,0,0,0,0,0,0,0,0
2026-07-21T07:30:00.000+02:00,709,466,0,0,242,1,466.33,1,0,1,0,0,0,0,0,0,0,0
2026-07-21T07:45:00.000+02:00,1546,462,0,0,1084,1,462.33,1,0,1,0,0,0,0,0,0,0,0
2026-07-21T08:00:00.000+02:00,2653,740,0,0,1912.67,1,739.67,1,0,1,0,0,0,0,0,0,0,0
2026-07-21T08:15:00.000+02:00,1692,874,0,0,818,1,873.67,1,0,1,0,0,0,0,0,0,0,0
2026-07-21T08:30:00.000+02:00,729,1168,0,0,-438,1,1167.67,1,0,1,0,0,0,0,0,0,0,0
2026-07-21T08:45:00.000+02:00,748,770,0,0,-22,1,770,1,0,1,0,0,0,0,0,0,0,0
2026-07-21T09:00:00.000+02:00,600,1410,0,0,-809,1,1410,1,5.67,1,0,0,0,0,0,0,0,0
2026-07-21T09:15:00.000+02:00,596,1592,0,0,-995.33,1,1592,1,0,1,0,0,0,0,0,0,0,0
2026-07-21T09:30:00.000+02:00,588,1552,0,0,-963.33,1,1552.33,1,0,1,0,0,0,0,0,0,0,0
2026-07-21T09:45:00.000+02:00,560,1930,0,0,-1370.33,1,1930.33,1,0,1,0,0,0,0,0,0,0,0
2026-07-21T10:00:00.000+02:00,562,2028,0,0,-1465.33,1,2028,1,0,1,0,0,0,0,0,0,0,0
2026-07-21T10:15:00.000+02:00,533,2136,0,0,-1601.67,1,2136,1,0,1,0,0,0,0,0,0,0,0
2026-07-21T10:30:00.000+02:00,584,2230,0,0,-1645,1,2229.67,1,0,1,0,0,0,0,0,0,0,0
2026-07-21T10:45:00.000+02:00,582,2323,0,0,-1740.67,1,2323,1,0,1,0,0,0,0,0,0,0,0
2026-07-21T11:00:00.000+02:00,574,2436,0,0,-1861.33,1,2436.33,1,0,1,0,0,0,0,0,0,0,0
2026-07-21T11:15:00.000+02:00,618,2518,0,0,-1899.33,1,2517.67,1,0,1,0,0,0,0,0,0,0,0
2026-07-21T11:30:00.000+02:00,652,2463,0,0,-1810.33,1,2463.33,1,0,1,0,0,0,0,0,0,0,0
2026-07-21T11:45:00.000+02:00,656,2676,0,0,-2019.67,1,2676.33,1,0,1,0,0,0,0,0,0,0,0
2026-07-21T12:00:00.000+02:00,636,2660,0,0,-2022.67,1,2660,1,0,1,0,0,0,0,0,0,0,0
2026-07-21T12:15:00.000+02:00,639,2689,0,0,-2049,1,2689,1,0,1,0,0,0,0,0,0,0,0
2026-07-21T12:30:00.000+02:00,654,2750,0,0,-2096.33,1,2750.33,1,0,1,0,0,0,0,0,0,0,0
2026-07-21T12:45:00.000+02:00,636,2760,0,0,-2123,1,2759.67,1,0,1,0,0,0,0,0,0,0,0
2026-07-21T13:00:00.000+02:00,659,2729,0,0,-2069,1,2729,1,0,1,0,0,0,0,0,0,0,0
2026-07-21T13:15:00.000+02:00,633,2724,0,0,-2090.33,1,2723.67,1,0,1,0,0,0,0,0,0,0,0
2026-07-21T13:30:00.000+02:00,654,2806,0,0,-2150.67,1,2806,1,0,1,0,0,0,0,0,0,0,0
2026-07-21T13:45:00.000+02:00,663,2824,0,0,-2160.67,1,2824,1,0,1,0,0,0,0,0,0,0,0
2026-07-21T14:00:00.000+02:00,662,2835,0,0,-2172,1,2834.67,1,0,1,0,0,0,0,0,0,0,0
2026-07-21T14:15:00.000+02:00,660,2715,0,0,-2054.33,1,2715.33,1,0,1,0,0,0,0,0,0,0,0
2026-07-21T14:30:00.000+02:00,685,2368,0,0,-1683,1,2368,1,0,1,0,0,0,0,0,0,0,0
2026-07-21T14:45:00.000+02:00,706,2284,0,0,-1577.67,1,2284.33,1,0,1,0,0,0,0,0,0,0,0
2026-07-21T15:00:00.000+02:00,662,2798,0,0,-2136,1,2798.33,1,0,1,0,0,0,0,0,0,0,0
2026-07-21T15:15:00.000+02:00,632,2264,0,0,-1632.33,1,2264.33,1,0,1,0,0,0,0,0,0,0,0
2026-07-21T15:30:00.000+02:00,624,2555,0,0,-1930.67,1,2555.33,1,0,1,0,0,0,0,0,0,0,0
2026-07-21T15:45:00.000+02:00,626,1565,0,0,-938.33,1,1565.33,1,0,1,0,0,0,0,0,0,0,0
2026-07-21T16:00:00.000+02:00,619,2176,0,0,-1556.67,1,2176,1,0,1,0,0,0,0,0,0,0,0
2026-07-21T16:15:00.000+02:00,616,2404,0,0,-1787.33,1,2404,1,0,1,0,0,0,0,0,0,0,0
2026-07-21T16:30:00.000+02:00,630,1801,0,0,-1170,1,1800.67,1,0,1,0,0,0,0,0,0,0,0
2026-07-21T16:45:00.000+02:00,631,2546,0,0,-1913.33,1,2545.67,1,0,1,0,0,0,0,0,0,0,0
2026-07-21T17:00:00.000+02:00,613,2104,0,0,-1490,1,2104.33,1,0,1,0,0,0,0,0,0,0,0
2026-07-21T17:15:00.000+02:00,594,1891,0,0,-1295.67,1,1890.67,1,0,1,0,0,0,0,0,0,0,0
2026-07-21T17:30:00.000+02:00,640,1935,0,0,-1294.67,1,1935,1,0,1,0,0,0,0,0,0,0,0
2026-07-21T17:45:00.000+02:00,681,1816,0,0,-1135,1,1816,1,0,1,0,0,0,0,0,0,0,0
2026-07-21T18:00:00.000+02:00,671,1371,0,0,-700,1,1371.33,1,0,1,0,0,0,0,0,0,0,0
2026-07-21T18:15:00.000+02:00,641,703,0,0,-62.33,1,703,1,0,1,0,0,0,0,0,0,0,0
2026-07-21T18:30:00.000+02:00,629,550,0,0,78,1,550.33,1,0,1,0,0,0,0,0,0,0,0
2026-07-21T18:45:00.000+02:00,617,933,0,0,-316.33,1,933.33,1,0,1,0,0,0,0,0,0,0,0
2026-07-21T19:00:00.000+02:00,609,296,0,0,312,1,296.33,1,0,1,0,0,0,0,0,0,0,0
2026-07-21T19:15:00.000+02:00,579,328,0,0,250.33,1,328,1,0,1,0,0,0,0,0,0,0,0
2026-07-21T19:30:00.000+02:00,601,216,0,0,385.33,1,216,1,0,1,0,0,0,0,0,0,0,0
2026-07-21T19:45:00.000+02:00,631,235,0,0,395,1,235.33,1,0,1,0,0,0,0,0,0,0,0
2026-07-21T20:00:00.000+02:00,816,128,0,0,688,1,127.67,1,0,1,0,0,0,0,0,0,0,0
2026-07-21T20:15:00.000+02:00,805,92,0,0,712.33,1,92.33,1,0,1,0,0,0,0,0,0,0,0
2026-07-21T20:30:00.000+02:00,801,8,0,0,792.67,1,8,1,0,1,0,0,0,0,0,0,0,0
2026-07-21T20:45:00.000+02:00,834,1,0,0,833.33,1,0.67,1,0,1,0,0,0,0,0,0,0,0
2026-07-21T21:00:00.000+02:00,870,0,0,0,870,1,0.33,1,0,0,0,0,0,0,0,0,0,0
2026-07-21T21:15:00.000+02:00,821,0,0,0,820.67,1,0,0,0,0,0,0,0,0,0,0,0,0
2026-07-21T21:30:00.000+02:00,787,0,0,0,787,1,0,0,0,0,0,0,0,0,0,0,0,0
2026-07-21T21:45:00.000+02:00,730,0,0,0,729.33,1,0,0,0,0,0,0,0,0,0,0,0,0
2026-07-21T22:00:00.000+02:00,563,0,0,0,562,1,0,0,0,0,0,0,0,0,0,0,0,0
2026-07-21T22:15:00.000+02:00,549,0,0,0,548,1,0,0,0,0,0,0,0,0,0,0,0,0
2026-07-21T22:30:00.000+02:00,513,0,0,0,512,1,0,0,0,0,0,0,0,0,0,0,0,0
2026-07-21T22:45:00.000+02:00,529,0,0,0,528.33,1,0,0,0,0,0,0,0,0,0,0,0,0
2026-07-21T23:00:00.000+02:00,544,0,0,0,543.33,1,0,0,0,0,0,0,0,0,0,0,0,0
2026-07-21T23:15:00.000+02:00,567,0,0,0,566.67,1,0,0,0,0,0,0,0,0,0,0,0,0
2026-07-21T23:30:00.000+02:00,568,0,0,0,567.67,1,0,0,0,0,0,0,0,0,0,0,0,0
2026-07-21T23:45:00.000+02:00,581,0,0,0,580.67,1,0,0,0.33,1,0,0,0,0,0,0,0,0
2026-07-22T00:00:00.000+02:00,602,0,0,0,602,1,0,0,5,1,0,0,0,0,0,0,0,0
2026-07-22T00:15:00.000+02:00,575,0,0,0,574.33,1,0,0,0,0,0,0,0,0,0,0,0,0
2026-07-22T00:30:00.000+02:00,529,0,0,0,528.67,1,0,0,0,0,0,0,0,0,0,0,0,0
2026-07-22T00:45:00.000+02:00,518,0,0,0,517.33,1,0,0,0,0,0,0,0,0,0,0,0,0
2026-07-22T01:00:00.000+02:00,562,0,0,0,561.33,1,0,0,0,0,0,0,0,0,0,0,0,0
2026-07-22T01:15:00.000+02:00,565,0,0,0,564,1,0,0,0,0,0,0,0,0,0,0,0,0
2026-07-22T01:30:00.000+02:00,531,0,0,0,530,1,0,0,0,0,0,0,0,0,0,0,0,0
2026-07-22T01:45:00.000+02:00,531,0,0,0,531,1,0,0,0,0,0,0,0,0,0,0,0,0
2026-07-22T02:00:00.000+02:00,542,0,0,0,541.67,1,0,0,0,0,0,0,0,0,0,0,0,0
2026-07-22T02:15:00.000+02:00,556,0,0,0,555.33,1,0,0,0,0,0,0,0,0,0,0,0,0
2026-07-22T02:30:00.000+02:00,555,0,0,0,554.33,1,0,0,0,0,0,0,0,0,0,0,0,0
2026-07-22T02:45:00.000+02:00,562,0,0,0,561.33,1,0,0,0,0,0,0,0,0,0,0,0,0
2026-07-22T03:00:00.000+02:00,592,0,0,0,592,1,0,0,0,0,0,0,0,0,0,0,0,0
2026-07-22T03:15:00.000+02:00,599,0,0,0,598.33,1,0,0,0,0,0,0,0,0,0,0,0,0
2026-07-22T03:30:00.000+02:00,577,0,0,0,577,1,0,0,0,0,0,0,0,0,0,0,0,0
2026-07-22T03:45:00.000+02:00,517,0,0,0,516,1,0,0,0,0,0,0,0,0,0,0,0,0
2026-07-22T04:00:00.000+02:00,520,0,0,0,520,1,0,0,0,0,0,0,0,0,0,0,0,0
2026-07-22T04:15:00.000+02:00,542,0,0,0,541.33,1,0,0,0,0,0,0,0,0,0,0,0,0
2026-07-22T04:30:00.000+02:00,544,0,0,0,543.67,1,0,0,0,0,0,0,0,0,0,0,0,0
2026-07-22T04:45:00.000+02:00,538,0,0,0,537.33,1,0,0,0,0,0,0,0,0,0,0,0,0
2026-07-22T05:00:00.000+02:00,559,0,0,0,558,1,0,0,0,0,0,0,0,0,0,0,0,0
2026-07-22T05:15:00.000+02:00,569,0,0,0,568.67,1,0,0,0,0,0,0,0,0,0,0,0,0
2026-07-22T05:30:00.000+02:00,1484,0,0,0,1483,1,0,0,0,0,882.33,1,0,0,0,0,0,0
2026-07-22T05:45:00.000+02:00,1663,0,0,0,1662.67,1,0,0,0,0,925,1,0,0,0,0,0,0
2026-07-22T06:00:00.000+02:00,1593,0,0,0,1592.33,1,0.33,1,5.67,1,897,1,0,0,0,0,0,0
2026-07-22T06:15:00.000+02:00,1631,4,0,0,1626.67,1,3.67,1,0,1,923.67,1,0,0,0,0,0,0
2026-07-22T06:30:00.000+02:00,1663,71,0,0,1591.67,1,70.67,1,0,1,922.67,1,0,0,0,0,0,0
2026-07-22T06:45:00.000+02:00,1534,194,0,0,1339,1,194.33,1,0,1,853.33,1,0,0,0,0,0,0
2026-07-22T07:00:00.000+02:00,1602,266,0,0,1335.33,1,266.33,1,0,1,923.33,1,0,0,0,0,0,0
2026-07-22T07:15:00.000+02:00,1627,354,0,0,1273,1,353.67,1,0,1,924.33,1,0,0,0,0,0,0
2026-07-22T07:30:00.000+02:00,812,451,0,0,360.33,1,451,1,0,1,133.67,1,0,0,0,0,0,0
2026-07-22T07:45:00.000+02:00,691,588,0,0,103,1,587.67,1,0,1,47,1,0,0,0,0,0,0
2026-07-22T08:00:00.000+02:00,719,724,0,0,-4.33,1,724,1,0,1,38.67,1,0,0,0,0,0,0
2026-07-22T08:15:00.000+02:00,709,842,0,0,-131.33,1,841.67,1,0,1,0.33,1,0,0,0,0,0,0
2026-07-22T08:30:00.000+02:00,740,982,0,0,-241.67,1,981.67,1,0,1,0,0,0,0,0,0,0,0
2026-07-22T08:45:00.000+02:00,714,1305,0,0,-589.67,1,1305,1,0,1,0,0,0,0,0,0,0,0
2026-07-22T09:00:00.000+02:00,605,1466,0,0,-860.67,1,1466,1,0,1,0,0,0,0,0,0,0,0
2026-07-22T09:15:00.000+02:00,603,1606,0,0,-1003,1,1606.33,1,0,1,0,0,0,0,0,0,0,0
2026-07-22T09:30:00.000+02:00,586,1739,0,0,-1152.33,1,1738.67,1,0,1,0,0,0,0,0,0,0,0
2026-07-22T09:45:00.000+02:00,536,1866,0,0,-1330,1,1866,1,0,1,0,0,0,0,0,0,0,0
2026-07-22T10:00:00.000+02:00,630,1984,0,0,-1353,1,1984,1,0,1,0,0,0,0,0,0,0,0
2026-07-22T10:15:00.000+02:00,637,2088,0,0,-1450,1,2088,1,0,1,0,0,0,0,0,0,0,0
2026-07-22T10:30:00.000+02:00,634,2198,0,0,-1563.67,1,2198.33,1,0,1,0,0,0,0,0,0,0,0
2026-07-22T10:45:00.000+02:00,608,2273,0,0,-1664.33,1,2273,1,0,1,0,0,0,0,0,0,0,0
2026-07-22T11:00:00.000+02:00,589,2351,0,0,-1761.67,1,2350.67,1,0,1,0,0,0,0,0,0,0,0
2026-07-22T11:15:00.000+02:00,638,2425,0,0,-1787,1,2425.33,1,0,1,0,0,0,0,0,0,0,0
2026-07-22T11:30:00.000+02:00,700,2494,0,0,-1793.67,1,2494,1,0,1,0,0,0,0,0,0,0,0
2026-07-22T11:45:00.000+02:00,697,2565,0,0,-1868,1,2565.33,1,0,1,0,0,0,0,0,0,0,0
2026-07-22T12:00:00.000+02:00,702,2605,0,0,-1902.33,1,2604.67,1,0,1,0,0,0,0,0,0,0,0
2026-07-22T12:15:00.000+02:00,724,2637,0,0,-1913,1,2637.33,1,0,1,0,0,0,0,0,0,0,0
2026-07-22T12:30:00.000+02:00,721,2678,0,0,-1956.33,1,2678,1,0,1,0,0,0,0,0,0,0,0
2026-07-22T12:45:00.000+02:00,636,2716,0,0,-2079.33,1,2715.67,1,0,1,0,0,0,0,0,0,0,0
2026-07-22T13:00:00.000+02:00,617,2720,0,0,-2102.33,1,2720,1,0,1,0,0,0,0,0,0,0,0
2026-07-22T13:15:00.000+02:00,630,2723,0,0,-2092,1,2722.67,1,0,1,0,0,0,0,0,0,0,0
2026-07-22T13:30:00.000+02:00,617,2733,0,0,-2115.33,1,2733.33,1,0,1,0,0,0,0,0,0,0,0
2026-07-22T13:45:00.000+02:00,618,2717,0,0,-2098,1,2716.67,1,0,1,0,0,0,0,0,0,0,0
2026-07-22T14:00:00.000+02:00,621,2700,0,0,-2079,1,2700.33,1,0,1,0,0,0,0,0,0,0,0
2026-07-22T14:15:00.000+02:00,637,2661,0,0,-2023.33,1,2661.33,1,0,1,0,0,0,0,0,0,0,0
2026-07-22T14:30:00.000+02:00,676,2618,0,0,-1941.67,1,2618.33,1,0,1,0,0,0,0,0,0,0,0
2026-07-22T14:45:00.000+02:00,812,2649,0,0,-1837,1,2649.33,1,0,1,0,0,0,0,0,0,0,0
2026-07-22T15:00:00.000+02:00,640,2567,0,0,-1925.33,1,2566.67,1,0,1,0,0,0,0,0,0,0,0
2026-07-22T15:15:00.000+02:00,698,2500,0,0,-1800.67,1,2499.67,1,0,1,0,0,0,0,0,0,0,0
2026-07-22T15:30:00.000+02:00,700,2457,0,0,-1756.67,1,2457.33,1,0,1,0,0,0,0,0,0,0,0
2026-07-22T15:45:00.000+02:00,671,2267,0,0,-1595.67,1,2267,1,0,1,0,0,0,0,0,0,0,0
2026-07-22T16:00:00.000+02:00,618,2284,0,0,-1666.33,1,2284.33,1,0,1,0,0,0,0,0,0,0,0
2026-07-22T16:15:00.000+02:00,605,2213,0,0,-1606.67,1,2213,1,0,1,0,0,0,0,0,0,0,0
2026-07-22T16:30:00.000+02:00,613,1937,0,0,-1323.67,1,1937,1,0,1,0,0,0,0,0,0,0,0
2026-07-22T16:45:00.000+02:00,620,1801,0,0,-1180.67,1,1801,1,0,1,0,0,0,0,0,0,0,0
2026-07-22T17:00:00.000+02:00,615,1796,0,0,-1180.67,1,1796,1,0,1,0,0,0,0,0,0,0,0
2026-07-22T17:15:00.000+02:00,624,1000,0,0,-375.33,1,1000.33,1,0,1,0,0,0,0,0,0,0,0
2026-07-22T17:30:00.000+02:00,657,905,0,0,-247.67,1,905.33,1,0,1,0,0,0,0,0,0,0,0
2026-07-22T17:45:00.000+02:00,673,1294,0,0,-620.67,1,1294.33,1,0,1,0,0,0,0,0,0,0,0
2026-07-22T18:00:00.000+02:00,665,1295,0,0,-629.33,1,1295,1,0,1,0,0,0,0,0,0,0,0
2026-07-22T18:15:00.000+02:00,625,1277,0,0,-651.67,1,1276.67,1,0,1,0,0,0,0,0,0,0,0
2026-07-22T18:30:00.000+02:00,601,1080,0,0,-477.67,1,1079.67,1,0,1,0,0,0,0,0,0,0,0
2026-07-22T18:45:00.000+02:00,616,646,0,0,-30,1,646,1,0,1,0,0,0,0,0,0,0,0
2026-07-22T19:00:00.000+02:00,597,882,0,0,-284.33,1,881.67,1,0,1,0,0,0,0,0,0,0,0
2026-07-22T19:15:00.000+02:00,603,527,0,0,76,1,526.67,1,0,1,0,0,0,0,0,0,0,0
2026-07-22T19:30:00.000+02:00,617,508,0,0,108.67,1,507.67,1,0,1,0,0,0,0,0,0,0,0
2026-07-22T19:45:00.000+02:00,636,428,0,0,207.67,1,427.67,1,0,1,0,0,0,0,0,0,0,0
2026-07-22T20:00:00.000+02:00,807,193,0,0,613.33,1,193.33,1,0,1,0,0,0,0,0,0,0,0
2026-07-22T20:15:00.000+02:00,819,160,0,0,658.33,1,160.33,1,0,1,0,0,0,0,0,0,0,0
2026-07-22T20:30:00.000+02:00,834,31,0,0,802.33,1,31,1,0,1,0,0,0,0,0,0,0,0
2026-07-22T20:45:00.000+02:00,840,1,0,0,839.33,1,1,1,0,1,0,0,0,0,0,0,0,0
2026-07-22T21:00:00.000+02:00,827,0,0,0,827,1,0,0,0,0,0,0,0,0,0,0,0,0
2026-07-22T21:15:00.000+02:00,807,0,0,0,807,1,0,0,0,0,0,0,0,0,0,0,0,0
2026-07-22T21:30:00.000+02:00,815,0,0,0,814.33,1,0,0,0,0,0,0,0,0,0,0,0,0
2026-07-22T21:45:00.000+02:00,770,0,0,0,769.67,1,0,0,0,0,0,0,0,0,0,0,0,0
2026-07-22T22:00:00.000+02:00,527,0,0,0,526.67,1,0,0,0,0,0,0,0,0,0,0,0,0
2026-07-22T22:15:00.000+02:00,521,0,0,0,520.33,1,0,0,0,0,0,0,0,0,0,0,0,0
2026-07-22T22:30:00.000+02:00,534,0,0,0,534,1,0,0,0,0,0,0,0,0,0,0,0,0
2026-07-22T22:45:00.000+02:00,557,0,0,0,556.67,1,0,0,0,0,0,0,0,0,0,0,0,0
2026-07-22T23:00:00.000+02:00,561,0,0,0,560.33,1,0,0,0,0,0,0,0,0,0,0,0,0
2026-07-22T23:15:00.000+02:00,571,0,0,0,570.67,1,0,0,0,0,0,0,0,0,0,0,0,0
2026-07-22T23:30:00.000+02:00,585,0,0,0,584.67,1,0,0,0,0,0,0,0,0,0,0,0,0
2026-07-22T23:45:00.000+02:00,590,0,0,0,588.67,1,0,0,0.33,1,0,0,0,0,0,0,0,0
2026-07-23T00:00:00.000+02:00,578,0,0,0,577.33,1,0,0,5,1,0,0,0,0,0,0,0,0
2026-07-23T00:15:00.000+02:00,518,0,0,0,517.33,1,0,0,0,0,0,0,0,0,0,0,0,0
2026-07-23T00:30:00.000+02:00,520,0,0,0,519.67,1,0,0,0,0,0,0,0,0,0,0,0,0
2026-07-23T00:45:00.000+02:00,568,0,0,0,567.67,1,0,0,0,0,0,0,0,0,0,0,0,0
2026-07-23T01:00:00.000+02:00,567,0,0,0,566.33,1,0,0,0,0,0,0,0,0,0,0,0,0
2026-07-23T01:15:00.000+02:00,531,0,0,0,531,1,0,0,0,0,0,0,0,0,0,0,0,0
2026-07-23T01:30:00.000+02:00,527,0,0,0,525.67,1,0,0,0,0,0,0,0,0,0,0,0,0
2026-07-23T01:45:00.000+02:00,543,0,0,0,542.33,1,0,0,0,0,0,0,0,0,0,0,0,0
2026-07-23T02:00:00.000+02:00,582,0,0,0,581.67,1,0,0,0,0,0,0,0,0,0,0,0,0
2026-07-23T02:15:00.000+02:00,559,0,0,0,558.67,1,0,0,0,0,0,0,0,0,0,0,0,0
2026-07-23T02:30:00.000+02:00,572,0,0,0,572,1,0,0,0,0,0,0,0,0,0,0,0,0
2026-07-23T02:45:00.000+02:00,597,0,0,0,596.67,1,0,0,0,0,0,0,0,0,0,0,0,0
2026-07-23T03:00:00.000+02:00,580,0,0,0,579.67,1,0,0,0,0,0,0,0,0,0,0,0,0
2026-07-23T03:15:00.000+02:00,551,0,0,0,551.33,1,0,0,0,0,0,0,0,0,0,0,0,0
2026-07-23T03:30:00.000+02:00,516,0,0,0,515,1,0,0,0,0,0,0,0,0,0,0,0,0
2026-07-23T03:45:00.000+02:00,528,0,0,0,527.67,1,0,0,0,0,0,0,0,0,0,0,0,0
2026-07-23T04:00:00.000+02:00,547,0,0,0,546,1,0,0,0,0,0,0,0,0,0,0,0,0
2026-07-23T04:15:00.000+02:00,552,0,0,0,552.33,1,0,0,0,0,0,0,0,0,0,0,0,0
2026-07-23T04:30:00.000+02:00,531,0,0,0,530.67,1,0,0,0,0,0,0,0,0,0,0,0,0
2026-07-23T04:45:00.000+02:00,562,0,0,0,561.67,1,0,0,0,0,0,0,0,0,0,0,0,0
2026-07-23T05:00:00.000+02:00,609,0,0,0,608.33,1,0,0,0,0,0,0,0,0,0,0,0,0
2026-07-23T05:15:00.000+02:00,582,0,0,0,581.33,1,0,0,0,0,0,0,0,0,0,0,0,0
2026-07-23T05:30:00.000+02:00,1439,0,0,0,1438.67,1,0,0,0,0,883.67,1,0,0,0,0,0,0
2026-07-23T05:45:00.000+02:00,1666,0,0,0,1665.33,1,0,0,0,0,926,1,0,0,0,0,0,0
2026-07-23T06:00:00.000+02:00,1614,0,0,0,1613.67,1,0.33,1,5.67,1,902,1,0,0,0,0,0,0
2026-07-23T06:15:00.000+02:00,1621,3,0,0,1617.33,1,3,1,0,1,924,1,0,0,0,0,0,0
2026-07-23T06:30:00.000+02:00,1591,46,0,0,1543.67,1,46.33,1,0,1,924.67,1,0,0,0,0,0,0
2026-07-23T06:45:00.000+02:00,1527,154,0,0,1372,1,154,1,0,1,854,1,0,0,0,0,0,0
2026-07-23T07:00:00.000+02:00,1621,259,0,0,1361.33,1,259.33,1,0,1,923.33,1,0,0,0,0,0,0
2026-07-23T07:15:00.000+02:00,1611,380,0,0,1230,1,380.33,1,0,1,924,1,0,0,0,0,0,0
2026-07-23T07:30:00.000+02:00,783,393,0,0,390,1,392.67,1,0,1,115,1,0,0,0,0,0,0
2026-07-23T07:45:00.000+02:00,777,471,0,0,306.33,1,470.67,1,0,1,78.67,1,0,0,0,0,0,0
2026-07-23T08:00:00.000+02:00,794,590,0,0,203.67,1,589.67,1,0,1,59.33,1,0,0,0,0,0,0
2026-07-23T08:15:00.000+02:00,748,840,0,0,-91.33,1,840,1,0,1,1,1,0,0,0,0,0,0
2026-07-23T08:30:00.000+02:00,730,998,0,0,-266.67,1,997.67,1,0,1,0,0,0,0,0,0,0,0
2026-07-23T08:45:00.000+02:00,709,1076,0,0,-367,1,1076.33,1,0,1,0,0,0,0,0,0,0,0
2026-07-23T09:00:00.000+02:00,562,1196,0,0,-633.33,1,1195.67,1,0,1,0,0,0,0,0,0,0,0
2026-07-23T09:15:00.000+02:00,560,1565,0,0,-1004.33,1,1564.67,1,0,1,0,0,0,0,0,0,0,0
2026-07-23T09:30:00.000+02:00,540,1814,0,0,-1272.67,1,1813.67,1,0,1,0,0,0,0,0,0,0,0
2026-07-23T09:45:00.000+02:00,550,1555,0,0,-1004,1,1555,1,0,1,0,0,0,0,0,0,0,0
2026-07-23T10:00:00.000+02:00,603,1076,0,0,-473.67,1,1076.33,1,0,1,0,0,0,0,0,0,0,0
2026-07-23T10:15:00.000+02:00,576,1891,0,0,-1314.33,1,1891.33,1,0,1,0,0,0,0,0,0,0,0
2026-07-23T10:30:00.000+02:00,1740,2173,0,0,-433,1,2173.33,1,0,1,0,0,0,0,0,0,0,0
2026-07-23T10:45:00.000+02:00,2593,2259,0,0,333.33,1,2259,1,0,1,0,0,0,0,0,0,0,0
2026-07-23T11:00:00.000+02:00,1353,2332,0,0,-978.67,1,2332.33,1,0,1,0,0,0,0,0,0,0,0
2026-07-23T11:15:00.000+02:00,653,2359,0,0,-1706.33,1,2359.33,1,0,1,0,0,0,0,0,0,0,0
2026-07-23T11:30:00.000+02:00,643,2467,0,0,-1823.67,1,2467.33,1,0,1,0,0,0,0,0,0,0,0
2026-07-23T11:45:00.000+02:00,616,2527,0,0,-1910.67,1,2527,1,0,1,0,0,0,0,0,0,0,0
2026-07-23T12:00:00.000+02:00,638,2564,0,0,-1925.67,1,2564,1,0,1,0,0,0,0,0,0,0,0
2026-07-23T12:15:00.000+02:00,761,2644,0,0,-1882.33,1,2643.67,1,0,1,0,0,0,0,0,0,0,0
2026-07-23T12:30:00.000+02:00,2736,2684,0,0,52,1,2684,1,0,1,0,0,0,0,0,0,0,0
2026-07-23T12:45:00.000+02:00,2952,2674,0,0,277.33,1,2674.33,1,0,1,0,0,0,0,0,0,0,0
2026-07-23T13:00:00.000+02:00,3167,2762,0,0,405.33,1,2761.67,1,0,1,0,0,0,0,0,0,0,0
2026-07-23T13:15:00.000+02:00,2151,2855,0,0,-704,1,2855.33,1,0,1,0,0,0,0,0,0,0,0
2026-07-23T13:30:00.000+02:00,692,2647,0,0,-1958.33,1,2647,1,0,1,0,0,0,0,0,0,0,0
2026-07-23T13:45:00.000+02:00,695,2912,0,0,-2216.67,1,2912.33,1,0,1,0,0,0,0,0,0,0,0
2026-07-23T14:00:00.000+02:00,719,2404,0,0,-1693.33,1,2404.33,1,0,1,0,0,0,0,0,0,0,0
2026-07-23T14:15:00.000+02:00,714,2169,0,0,-1455.33,1,2168.67,1,0,1,0,0,0,0,0,0,0,0
2026-07-23T14:30:00.000+02:00,675,2494,0,0,-1818.67,1,2494,1,0,1,0,0,0,0,0,0,0,0
2026-07-23T14:45:00.000+02:00,640,1763,0,0,-1124.33,1,1763.33,1,0,1,0,0,0,0,0,0,0,0
2026-07-23T15:00:00.000+02:00,667,2397,0,0,-1738.33,1,2397,1,0,1,0,0,0,0,0,0,0,0
2026-07-23T15:15:00.000+02:00,696,2547,0,0,-1851,1,2547.33,1,0,1,0,0,0,0,0,0,0,0
2026-07-23T15:30:00.000+02:00,670,2581,0,0,-1910.67,1,2581,1,0,1,0,0,0,0,0,0,0,0
2026-07-23T15:45:00.000+02:00,662,1601,0,0,-938.67,1,1601.33,1,0,1,0,0,0,0,0,0,0,0
2026-07-23T16:00:00.000+02:00,646,1362,0,0,-716.67,1,1362.33,1,0,1,0,0,0,0,0,0,0,0
2026-07-23T16:15:00.000+02:00,631,1878,0,0,-1246,1,1878,1,0,1,0,0,0,0,0,0,0,0
2026-07-23T16:30:00.000+02:00,646,845,0,0,-199.33,1,845.33,1,0,1,0,0,0,0,0,0,0,0
2026-07-23T16:45:00.000+02:00,623,595,0,0,27.67,1,595,1,0,1,0,0,0,0,0,0,0,0
2026-07-23T17:00:00.000+02:00,664,743,0,0,-79,1,743,1,0,1,0,0,0,0,0,0,0,0
2026-07-23T17:15:00.000+02:00,666,2156,0,0,-1488.33,1,2155.67,1,0,1,0,0,0,0,0,0,0,0
2026-07-23T17:30:00.000+02:00,643,1502,0,0,-858.33,1,1502.33,1,0,1,0,0,0,0,0,0,0,0
2026-07-23T17:45:00.000+02:00,595,1670,0,0,-1074.33,1,1669.67,1,0,1,0,0,0,0,0,0,0,0
2026-07-23T18:00:00.000+02:00,605,993,0,0,-387,1,993,1,0,1,0,0,0,0,0,0,0,0
2026-07-23T18:15:00.000+02:00,606,1053,0,0,-447,1,1053.33,1,0,1,0,0,0,0,0,0,0,0
2026-07-23T18:30:00.000+02:00,596,1155,0,0,-558,1,1154.67,1,0,1,0,0,0,0,0,0,0,0
2026-07-23T18:45:00.000+02:00,604,1028,0,0,-423.67,1,1028,1,0,1,0,0,0,0,0,0,0,0
2026-07-23T19:00:00.000+02:00,619,878,0,0,-259,1,877.67,1,0,1,0,0,0,0,0,0,0,0
2026-07-23T19:15:00.000+02:00,655,504,0,0,151,1,503.67,1,0,1,0,0,0,0,0,0,0,0
2026-07-23T19:30:00.000+02:00,654,433,0,0,220.33,1,432.67,1,0,1,0,0,0,0,0,0,0,0
2026-07-23T19:45:00.000+02:00,618,362,0,0,255.33,1,361.67,1,0,1,0,0,0,0,0,0,0,0
2026-07-23T20:00:00.000+02:00,820,305,0,0,514,1,305.33,1,0,1,0,0,0,0,0,0,0,0
2026-07-23T20:15:00.000+02:00,840,206,0,0,633.67,1,206,1,0,1,0,0,0,0,0,0,0,0
2026-07-23T20:30:00.000+02:00,814,79,0,0,734.33,1,78.67,1,0,1,0,0,0,0,0,0,0,0
2026-07-23T20:45:00.000+02:00,785,1,0,0,784.33,1,0.67,1,0,1,0,0,0,0,0,0,0,0
2026-07-23T21:00:00.000+02:00,787,0,0,0,786.33,1,0,0,0,0,0,0,0,0,0,0,0,0
2026-07-23T21:15:00.000+02:00,811,0,0,0,810.67,1,0,0,0,0,0,0,0,0,0,0,0,0
2026-07-23T21:30:00.000+02:00,805,0,0,0,804.67,1,0,0,0,0,0,0,0,0,0,0,0,0
2026-07-23T21:45:00.000+02:00,718,0,0,0,717,1,0,0,0,0,0,0,0,0,0,0,0,0
2026-07-23T22:00:00.000+02:00,522,0,0,0,521.33,1,0,0,0,0,0,0,0,0,0,0,0,0
2026-07-23T22:15:00.000+02:00,590,0,0,0,589,1,0,0,0,0,0,0,0,0,0,0,0,0
2026-07-23T22:30:00.000+02:00,599,0,0,0,599,1,0,0,0,0,0,0,0,0,0,0,0,0
2026-07-23T22:45:00.000+02:00,570,0,0,0,569.67,1,0,0,0,0,0,0,0,0,0,0,0,0
2026-07-23T23:00:00.000+02:00,577,0,0,0,576.33,1,0,0,0,0,0,0,0,0,0,0,0,0
2026-07-23T23:15:00.000+02:00,589,0,0,0,589,1,0,0,0,0,0,0,0,0,0,0,0,0
2026-07-23T23:30:00.000+02:00,543,0,0,0,542,1,0,0,0,0,0,0,0,0,0,0,0,0
2026-07-23T23:45:00.000+02:00,512,0,0,0,511,1,0,0,0.33,1,0,0,0,0,0,0,0,0
2026-07-24T00:00:00.000+02:00,519,0,0,0,519,1,0,0,5,1,0,0,0,0,0,0,0,0
2026-07-24T00:15:00.000+02:00,565,0,0,0,565.33,1,0,0,0,0,0,0,0,0,0,0,0,0
2026-07-24T00:30:00.000+02:00,560,0,0,0,559.67,1,0,0,0,0,0,0,0,0,0,0,0,0
2026-07-24T00:45:00.000+02:00,538,0,0,0,538,1,0,0,0,0,0,0,0,0,0,0,0,0
2026-07-24T01:00:00.000+02:00,526,0,0,0,524.67,1,0,0,0,0,0,0,0,0,0,0,0,0
2026-07-24T01:15:00.000+02:00,571,0,0,0,571,1,0,0,0,0,0,0,0,0,0,0,0,0
2026-07-24T01:30:00.000+02:00,582,0,0,0,581,1,0,0,0,0,0,0,0,0,0,0,0,0
2026-07-24T01:45:00.000+02:00,562,0,0,0,561.67,1,0,0,0,0,0,0,0,0,0,0,0,0
2026-07-24T02:00:00.000+02:00,574,0,0,0,573.67,1,0,0,0,0,0,0,0,0,0,0,0,0
2026-07-24T02:15:00.000+02:00,573,0,0,0,572.33,1,0,0,0,0,0,0,0,0,0,0,0,0
2026-07-24T02:30:00.000+02:00,560,0,0,0,559.67,1,0,0,0,0,0,0,0,0,0,0,0,0
2026-07-24T02:45:00.000+02:00,537,0,0,0,536,1,0,0,0,0,0,0,0,0,0,0,0,0
2026-07-24T03:00:00.000+02:00,511,0,0,0,510.67,1,0,0,0,0,0,0,0,0,0,0,0,0
2026-07-24T03:15:00.000+02:00,530,0,0,0,530,1,0,0,0,0,0,0,0,0,0,0,0,0
2026-07-24T03:30:00.000+02:00,545,0,0,0,545,1,0,0,0,0,0,0,0,0,0,0,0,0
2026-07-24T03:45:00.000+02:00,557,0,0,0,556.67,1,0,0,0,0,0,0,0,0,0,0,0,0
2026-07-24T04:00:00.000+02:00,560,0,0,0,559.67,1,0,0,0,0,0,0,0,0,0,0,0,0
2026-07-24T04:15:00.000+02:00,580,0,0,0,580,1,0,0,0,0,0,0,0,0,0,0,0,0
2026-07-24T04:30:00.000+02:00,591,0,0,0,591.33,1,0,0,0,0,0,0,0,0,0,0,0,0
2026-07-24T04:45:00.000+02:00,585,0,0,0,584,1,0,0,0,0,0,0,0,0,0,0,0,0
2026-07-24T05:00:00.000+02:00,552,0,0,0,551.67,1,0,0,0,0,0,0,0,0,0,0,0,0
2026-07-24T05:15:00.000+02:00,522,0,0,0,521,1,0,0,0,0,0,0,0,0,0,0,0,0
2026-07-24T05:30:00.000+02:00,585,0,0,0,585,1,0,0,0,0,0,0,0,0,0,0,0,0
2026-07-24T05:45:00.000+02:00,750,0,0,0,750,1,0,0,0,0,0,0,0,0,0,0,0,0
2026-07-24T06:00:00.000+02:00,682,0,0,0,680.33,1,0.33,1,5.67,1,0,0,0,0,0,0,0,0
2026-07-24T06:15:00.000+02:00,656,4,0,0,651.33,1,3.67,1,0,1,0,0,0,0,0,0,0,0
2026-07-24T06:30:00.000+02:00,683,59,0,0,623,1,59.33,1,0,1,0,0,0,0,0,0,0,0
2026-07-24T06:45:00.000+02:00,692,193,0,0,498.33,1,193.33,1,0,1,0,0,0,0,0,0,0,0
2026-07-24T07:00:00.000+02:00,709,263,0,0,445.33,1,263.33,1,0,1,0,0,0,0,0,0,0,0
2026-07-24T07:15:00.000+02:00,726,351,0,0,374.33,1,350.67,1,0,1,0,0,0,0,0,0,0,0
2026-07-24T07:30:00.000+02:00,828,447,0,0,379.67,1,447.33,1,0,1,68,1,0,0,0,0,0,0
2026-07-24T07:45:00.000+02:00,780,582,0,0,197.67,1,582,1,0,1,34.33,1,0,0,0,0,0,0
2026-07-24T08:00:00.000+02:00,800,711,0,0,88.33,1,711.33,1,0,1,84.67,1,0,0,0,0,0,0
2026-07-24T08:15:00.000+02:00,657,831,0,0,-173.33,1,830.67,1,0,1,0,0,0,0,0,0,0,0
2026-07-24T08:30:00.000+02:00,686,974,0,0,-287.33,1,974,1,0,1,0,0,0,0,0,0,0,0
2026-07-24T08:45:00.000+02:00,687,1306,0,0,-619,1,1306.33,1,0,1,0,0,0,0,0,0,0,0
2026-07-24T09:00:00.000+02:00,567,1476,0,0,-908,1,1475.67,1,0,1,0,0,0,0,0,0,0,0
2026-07-24T09:15:00.000+02:00,550,1619,0,0,-1068.33,1,1619,1,0,1,0,0,0,0,0,0,0,0
2026-07-24T09:30:00.000+02:00,577,1744,0,0,-1166.33,1,1743.67,1,0,1,0,0,0,0,0,0,0,0
2026-07-24T09:45:00.000+02:00,576,1873,0,0,-1296.67,1,1872.67,1,0,1,0,0,0,0,0,0,0,0
2026-07-24T10:00:00.000+02:00,640,1995,0,0,-1354,1,1994.67,1,0,1,0,0,0,0,0,0,0,0
2026-07-24T10:15:00.000+02:00,656,2104,0,0,-1448.33,1,2104.33,1,0,1,0,0,0,0,0,0,0,0
2026-07-24T10:30:00.000+02:00,659,2208,0,0,-1548.67,1,2208,1,0,1,0,0,0,0,0,0,0,0
2026-07-24T10:45:00.000+02:00,673,2303,0,0,-1630,1,2303,1,0,1,0,0,0,0,0,0,0,0
2026-07-24T11:00:00.000+02:00,626,2406,0,0,-1780,1,2406.33,1,0,1,0,0,0,0,0,0,0,0
2026-07-24T11:15:00.000+02:00,605,2485,0,0,-1878.67,1,2484.67,1,0,1,0,0,0,0,0,0,0,0
2026-07-24T11:30:00.000+02:00,635,2546,0,0,-1910,1,2545.67,1,0,1,0,0,0,0,0,0,0,0
2026-07-24T11:45:00.000+02:00,642,2616,0,0,-1973.67,1,2616.33,1,0,1,0,0,0,0,0,0,0,0
2026-07-24T12:00:00.000+02:00,635,2648,0,0,-2012.33,1,2647.67,1,0,1,0,0,0,0,0,0,0,0
2026-07-24T12:15:00.000+02:00,634,2682,0,0,-2048,1,2682,1,0,1,0,0,0,0,0,0,0,0
2026-07-24T12:30:00.000+02:00,670,2711,0,0,-2040.33,1,2711,1,0,1,0,0,0,0,0,0,0,0
2026-07-24T12:45:00.000+02:00,717,2744,0,0,-2027,1,2744.33,1,0,1,0,0,0,0,0,0,0,0
2026-07-24T13:00:00.000+02:00,689,2769,0,0,-2079,1,2768.67,1,0,1,0,0,0,0,0,0,0,0
2026-07-24T13:15:00.000+02:00,669,2765,0,0,-2095,1,2764.67,1,0,1,0,0,0,0,0,0,0,0
2026-07-24T13:30:00.000+02:00,675,2752,0,0,-2076,1,2751.67,1,0,1,0,0,0,0,0,0,0,0
2026-07-24T13:45:00.000+02:00,654,2752,0,0,-2097,1,2751.67,1,0,1,0,0,0,0,0,0,0,0
2026-07-24T14:00:00.000+02:00,592,2713,0,0,-2120.67,1,2713.33,1,0,1,0,0,0,0,0,0,0,0
2026-07-24T14:15:00.000+02:00,589,2701,0,0,-2111.33,1,2701.33,1,0,1,0,0,0,0,0,0,0,0
2026-07-24T14:30:00.000+02:00,636,2672,0,0,-2035.33,1,2672.33,1,0,1,0,0,0,0,0,0,0,0
2026-07-24T14:45:00.000+02:00,636,2627,0,0,-1990.67,1,2627,1,0,1,0,0,0,0,0,0,0,0
2026-07-24T15:00:00.000+02:00,614,2572,0,0,-1958,1,2572.33,1,0,1,0,0,0,0,0,0,0,0
2026-07-24T15:15:00.000+02:00,598,2531,0,0,-1933,1,2531.33,1,0,1,0,0,0,0,0,0,0,0
2026-07-24T15:30:00.000+02:00,618,2456,0,0,-1838,1,2456,1,0,1,0,0,0,0,0,0,0,0
2026-07-24T15:45:00.000+02:00,657,2400,0,0,-1743.33,1,2400,1,0,1,0,0,0,0,0,0,0,0
2026-07-24T16:00:00.000+02:00,647,2331,0,0,-1683,1,2331,1,0,1,0,0,0,0,0,0,0,0
2026-07-24T16:15:00.000+02:00,649,2263,0,0,-1614,1,2263.33,1,0,1,0,0,0,0,0,0,0,0
2026-07-24T16:30:00.000+02:00,655,2138,0,0,-1482.67,1,2137.67,1,0,1,0,0,0,0,0,0,0,0
2026-07-24T16:45:00.000+02:00,659,1977,0,0,-1317,1,1976.67,1,0,1,0,0,0,0,0,0,0,0
2026-07-24T17:00:00.000+02:00,628,1867,0,0,-1239,1,1867.33,1,0,1,0,0,0,0,0,0,0,0
2026-07-24T17:15:00.000+02:00,584,1773,0,0,-1189.33,1,1773.33,1,0,1,0,0,0,0,0,0,0,0
2026-07-24T17:30:00.000+02:00,591,1607,0,0,-1016,1,1607,1,0,1,0,0,0,0,0,0,0,0
2026-07-24T17:45:00.000+02:00,615,1452,0,0,-835.67,1,1452,1,0,1,0,0,0,0,0,0,0,0
2026-07-24T18:00:00.000+02:00,636,1227,0,0,-589.67,1,1226.67,1,0,1,0,0,0,0,0,0,0,0
2026-07-24T18:15:00.000+02:00,609,942,0,0,-333.33,1,942,1,0,1,0,0,0,0,0,0,0,0
2026-07-24T18:30:00.000+02:00,611,788,0,0,-177.33,1,788.33,1,0,1,0,0,0,0,0,0,0,0
2026-07-24T18:45:00.000+02:00,665,749,0,0,-83.67,1,748.67,1,0,1,0,0,0,0,0,0,0,0
2026-07-24T19:00:00.000+02:00,654,673,0,0,-18,1,672.67,1,0,1,0,0,0,0,0,0,0,0
2026-07-24T19:15:00.000+02:00,637,547,0,0,89.33,1,547,1,0,1,0,0,0,0,0,0,0,0
2026-07-24T19:30:00.000+02:00,623,464,0,0,158.67,1,463.67,1,0,1,0,0,0,0,0,0,0,0
2026-07-24T19:45:00.000+02:00,631,380,0,0,251.33,1,380,1,0,1,0,0,0,0,0,0,0,0
2026-07-24T20:00:00.000+02:00,821,264,0,0,556.33,1,263.67,1,0,1,0,0,0,0,0,0,0,0
2026-07-24T20:15:00.000+02:00,807,156,0,0,651.33,1,155.67,1,0,1,0,0,0,0,0,0,0,0
2026-07-24T20:30:00.000+02:00,785,54,0,0,730.67,1,53.67,1,0,1,0,0,0,0,0,0,0,0
2026-07-24T20:45:00.000+02:00,798,1,0,0,795.67,1,1.33,1,0,1,0,0,0,0,0,0,0,0
2026-07-24T21:00:00.000+02:00,802,0,0,0,801.33,1,0,0,0,0,0,0,0,0,0,0,0,0
2026-07-24T21:15:00.000+02:00,773,0,0,0,773,1,0,0,0,0,0,0,0,0,0,0,0,0
2026-07-24T21:30:00.000+02:00,752,0,0,0,751.33,1,0,0,0,0,0,0,0,0,0,0,0,0
2026-07-24T21:45:00.000+02:00,738,0,0,0,737.33,1,0,0,0,0,0,0,0,0,0,0,0,0
2026-07-24T22:00:00.000+02:00,602,0,0,0,601,1,0,0,0,0,0,0,0,0,0,0,0,0
2026-07-24T22:15:00.000+02:00,584,0,0,0,584,1,0,0,0,0,0,0,0,0,0,0,0,0
2026-07-24T22:30:00.000+02:00,549,0,0,0,548.67,1,0,0,0,0,0,0,0,0,0,0,0,0
2026-07-24T22:45:00.000+02:00,533,0,0,0,532.67,1,0,0,0,0,0,0,0,0,0,0,0,0
2026-07-24T23:00:00.000+02:00,542,0,0,0,541.33,1,0,0,0,0,0,0,0,0,0,0,0,0
2026-07-24T23:15:00.000+02:00,523,0,0,0,522.33,1,0,0,0,0,0,0,0,0,0,0,0,0
2026-07-24T23:30:00.000+02:00,536,0,0,0,535.67,1,0,0,0,0,0,0,0,0,0,0,0,0
2026-07-24T23:45:00.000+02:00,559,0,0,0,558.67,1,0,0,0.33,1,0,0,0,0,0,0,0,0
2026-07-25T00:00:00.000+02:00,566,0,0,0,565.67,1,0,0,5,1,0,0,0,0,0,0,0,0
2026-07-25T00:15:00.000+02:00,547,0,0,0,546,1,0,0,0,0,0,0,0,0,0,0,0,0
2026-07-25T00:30:00.000+02:00,550,0,0,0,549.33,1,0,0,0,0,0,0,0,0,0,0,0,0
2026-07-25T00:45:00.000+02:00,578,0,0,0,577.67,1,0,0,0,0,0,0,0,0,0,0,0,0
2026-07-25T01:00:00.000+02:00,582,0,0,0,581,1,0,0,0,0,0,0,0,0,0,0,0,0
2026-07-25T01:15:00.000+02:00,591,0,0,0,590.33,1,0,0,0,0,0,0,0,0,0,0,0,0
2026-07-25T01:30:00.000+02:00,541,0,0,0,540.67,1,0,0,0,0,0,0,0,0,0,0,0,0
2026-07-25T01:45:00.000+02:00,540,0,0,0,539.33,1,0,0,0,0,0,0,0,0,0,0,0,0
2026-07-25T02:00:00.000+02:00,557,0,0,0,556.33,1,0,0,0,0,0,0,0,0,0,0,0,0
2026-07-25T02:15:00.000+02:00,540,0,0,0,540,1,0,0,0,0,0,0,0,0,0,0,0,0
2026-07-25T02:30:00.000+02:00,508,0,0,0,508,1,0,0,0,0,0,0,0,0,0,0,0,0
2026-07-25T02:45:00.000+02:00,513,0,0,0,512.33,1,0,0,0,0,0,0,0,0,0,0,0,0
2026-07-25T03:00:00.000+02:00,565,0,0,0,564,1,0,0,0,0,0,0,0,0,0,0,0,0
2026-07-25T03:15:00.000+02:00,577,0,0,0,576.33,1,0,0,0,0,0,0,0,0,0,0,0,0
2026-07-25T03:30:00.000+02:00,578,0,0,0,578.33,1,0,0,0,0,0,0,0,0,0,0,0,0
2026-07-25T03:45:00.000+02:00,564,0,0,0,563,1,0,0,0,0,0,0,0,0,0,0,0,0
2026-07-25T04:00:00.000+02:00,571,0,0,0,570.33,1,0,0,0,0,0,0,0,0,0,0,0,0
2026-07-25T04:15:00.000+02:00,581,0,0,0,581.33,1,0,0,0,0,0,0,0,0,0,0,0,0
2026-07-25T04:30:00.000+02:00,531,0,0,0,530.67,1,0,0,0,0,0,0,0,0,0,0,0,0
2026-07-25T04:45:00.000+02:00,534,0,0,0,534.33,1,0,0,0,0,0,0,0,0,0,0,0,0
2026-07-25T05:00:00.000+02:00,549,0,0,0,549,1,0,0,0,0,0,0,0,0,0,0,0,0
2026-07-25T05:15:00.000+02:00,562,0,0,0,561.33,1,0,0,0,0,0,0,0,0,0,0,0,0
2026-07-25T05:30:00.000+02:00,1441,0,0,0,1440.67,1,0,0,0,0,882,1,0,0,0,0,0,0
2026-07-25T05:45:00.000+02:00,1593,0,0,0,1592.67,1,0,0,0,0,918,1,0,0,0,0,0,0
2026-07-25T06:00:00.000+02:00,1568,0,0,0,1567.33,1,0.33,1,5.67,1,901.33,1,0,0,0,0,0,0
2026-07-25T06:15:00.000+02:00,1630,1,0,0,1628.33,1,1,1,0,1,920.33,1,0,0,0,0,0,0
2026-07-25T06:30:00.000+02:00,1656,7,0,0,1648.67,1,7.33,1,0,1,923.33,1,0,0,0,0,0,0
2026-07-25T06:45:00.000+02:00,1576,176,0,0,1399.33,1,176,1,0,1,863,1,0,0,0,0,0,0
2026-07-25T07:00:00.000+02:00,1637,252,0,0,1384.67,1,252.33,1,0,1,923,1,0,0,0,0,0,0
2026-07-25T07:15:00.000+02:00,1642,346,0,0,1295,1,346,1,0,1,925.33,1,0,0,0,0,0,0
2026-07-25T07:30:00.000+02:00,834,443,0,0,391,1,443.33,1,0,1,144,1,0,0,0,0,0,0
2026-07-25T07:45:00.000+02:00,764,570,0,0,193,1,570.33,1,0,1,122.67,1,0,0,0,0,0,0
2026-07-25T08:00:00.000+02:00,698,687,0,0,11.33,1,687,1,0,1,54,1,0,0,0,0,0,0
2026-07-25T08:15:00.000+02:00,703,799,0,0,-95.33,1,798.67,1,0,1,0,1,0,0,0,0,0,0
2026-07-25T08:30:00.000+02:00,706,939,0,0,-232,1,939,1,0,1,0,0,0,0,0,0,0,0
2026-07-25T08:45:00.000+02:00,688,1228,0,0,-539.67,1,1227.67,1,0,1,0,0,0,0,0,0,0,0
2026-07-25T09:00:00.000+02:00,576,1376,0,0,-799,1,1376,1,0,1,0,0,0,0,0,0,0,0
2026-07-25T09:15:00.000+02:00,588,1509,0,0,-920.33,1,1508.67,1,0,1,0,0,0,0,0,0,0,0
2026-07-25T09:30:00.000+02:00,662,1644,0,0,-981,1,1644.33,1,0,1,0,0,0,0,0,0,0,0
2026-07-25T09:45:00.000+02:00,637,1767,0,0,-1129,1,1766.67,1,0,1,0,0,0,0,0,0,0,0
2026-07-25T10:00:00.000+02:00,692,1890,0,0,-1196.67,1,1889.67,1,0,1,0,0,0,0,0,0,0,0
2026-07-25T10:15:00.000+02:00,677,1991,0,0,-1313.33,1,1990.67,1,0,1,0,0,0,0,0,0,0,0
2026-07-25T10:30:00.000+02:00,679,2079,0,0,-1398.67,1,2078.67,1,0,1,0,0,0,0,0,0,0,0
2026-07-25T10:45:00.000+02:00,659,2153,0,0,-1493,1,2153,1,0,1,0,0,0,0,0,0,0,0
2026-07-25T11:00:00.000+02:00,626,2257,0,0,-1630,1,2257.33,1,0,1,0,0,0,0,0,0,0,0
2026-07-25T11:15:00.000+02:00,642,2361,0,0,-1718.33,1,2360.67,1,0,1,0,0,0,0,0,0,0,0
2026-07-25T11:30:00.000+02:00,636,2425,0,0,-1789,1,2425,1,0,1,0,0,0,0,0,0,0,0
2026-07-25T11:45:00.000+02:00,627,2029,0,0,-1403.33,1,2029,1,0,1,0,0,0,0,0,0,0,0
2026-07-25T12:00:00.000+02:00,623,2485,0,0,-1862,1,2485.33,1,0,1,0,0,0,0,0,0,0,0
2026-07-25T12:15:00.000+02:00,673,2413,0,0,-1739.33,1,2413,1,0,1,0,0,0,0,0,0,0,0
2026-07-25T12:30:00.000+02:00,675,2655,0,0,-1979.33,1,2654.67,1,0,1,0,0,0,0,0,0,0,0
2026-07-25T12:45:00.000+02:00,640,2700,0,0,-2059.67,1,2700,1,0,1,0,0,0,0,0,0,0,0
2026-07-25T13:00:00.000+02:00,648,2660,0,0,-2011.67,1,2660.33,1,0,1,0,0,0,0,0,0,0,0
2026-07-25T13:15:00.000+02:00,607,2709,0,0,-2100.67,1,2709,1,0,1,0,0,0,0,0,0,0,0
2026-07-25T13:30:00.000+02:00,644,2635,0,0,-1994.33,1,2635,1,0,1,0,0,0,0,0,0,0,0
2026-07-25T13:45:00.000+02:00,630,1934,0,0,-1304,1,1934.33,1,0,1,0,0,0,0,0,0,0,0
2026-07-25T14:00:00.000+02:00,603,2096,0,0,-1492.33,1,2096,1,0,1,0,0,0,0,0,0,0,0
2026-07-25T14:15:00.000+02:00,619,2455,0,0,-1835,1,2454.67,1,0,1,0,0,0,0,0,0,0,0
2026-07-25T14:30:00.000+02:00,617,1552,0,0,-934.33,1,1552,1,0,1,0,0,0,0,0,0,0,0
2026-07-25T14:45:00.000+02:00,604,2242,0,0,-1638.33,1,2242.33,1,0,1,0,0,0,0,0,0,0,0
2026-07-25T15:00:00.000+02:00,632,1695,0,0,-1063.33,1,1695,1,0,1,0,0,0,0,0,0,0,0
2026-07-25T15:15:00.000+02:00,648,1125,0,0,-476.33,1,1124.67,1,0,1,0,0,0,0,0,0,0,0
2026-07-25T15:30:00.000+02:00,669,821,0,0,-151.67,1,820.67,1,0,1,0,0,0,0,0,0,0,0
2026-07-25T15:45:00.000+02:00,670,952,0,0,-281.67,1,952.33,1,0,1,0,0,0,0,0,0,0,0
2026-07-25T16:00:00.000+02:00,601,773,0,0,-171.67,1,772.67,1,0,1,0,0,0,0,0,0,0,0
2026-07-25T16:15:00.000+02:00,587,502,0,0,85.33,1,501.67,1,0,1,0,0,0,0,0,0,0,0
2026-07-25T16:30:00.000+02:00,618,365,0,0,252.33,1,365.33,1,0,1,0,0,0,0,0,0,0,0
2026-07-25T16:45:00.000+02:00,618,396,0,0,221,1,396,1,0,1,0,0,0,0,0,0,0,0
2026-07-25T17:00:00.000+02:00,613,838,0,0,-224,1,838,1,0,1,0,0,0,0,0,0,0,0
2026-07-25T17:15:00.000+02:00,601,927,0,0,-325,1,926.67,1,0,1,0,0,0,0,0,0,0,0
2026-07-25T17:30:00.000+02:00,632,1405,0,0,-771.67,1,1404.67,1,0,1,0,0,0,0,0,0,0,0
2026-07-25T17:45:00.000+02:00,663,830,0,0,-167,1,829.67,1,0,1,0,0,0,0,0,0,0,0
2026-07-25T18:00:00.000+02:00,634,726,0,0,-92.33,1,726,1,0,1,0,0,0,0,0,0,0,0
2026-07-25T18:15:00.000+02:00,625,592,0,0,33,1,591.67,1,0,1,0,0,0,0,0,0,0,0
2026-07-25T18:30:00.000+02:00,655,389,0,0,266.33,1,388.67,1,0,1,0,0,0,0,0,0,0,0
2026-07-25T18:45:00.000+02:00,668,144,0,0,523,1,144.33,1,0,1,0,0,0,0,0,0,0,0
2026-07-25T19:00:00.000+02:00,609,284,0,0,324.67,1,283.67,1,0,1,0,0,0,0,0,0,0,0
2026-07-25T19:15:00.000+02:00,607,225,0,0,380.67,1,225.33,1,0,1,0,0,0,0,0,0,0,0
2026-07-25T19:30:00.000+02:00,626,119,0,0,506.33,1,118.67,1,0,1,0,0,0,0,0,0,0,0
2026-07-25T19:45:00.000+02:00,612,97,0,0,513.67,1,97.33,1,0,1,0,0,0,0,0,0,0,0
2026-07-25T20:00:00.000+02:00,769,148,0,0,621,1,147.67,1,0,1,0,0,0,0,0,0,0,0
2026-07-25T20:15:00.000+02:00,765,41,0,0,723.67,1,40.67,1,0,1,0,0,0,0,0,0,0,0
2026-07-25T20:30:00.000+02:00,812,3,0,0,808.67,1,3,1,0,1,0,0,0,0,0,0,0,0
2026-07-25T20:45:00.000+02:00,854,0,0,0,852.67,1,0.33,1,0,1,0,0,0,0,0,0,0,0
2026-07-25T21:00:00.000+02:00,834,0,0,0,834,1,0,0,0,0,0,0,0,0,0,0,0,0
2026-07-25T21:15:00.000+02:00,813,0,0,0,813,1,0,0,0,0,0,0,0,0,0,0,0,0
2026-07-25T21:30:00.000+02:00,825,0,0,0,824.33,1,0,0,0,0,0,0,0,0,0,0,0,0
2026-07-25T21:45:00.000+02:00,715,0,0,0,714.67,1,0,0,0,0,0,0,0,0,0,0,0,0
2026-07-25T22:00:00.000+02:00,528,0,0,0,527.33,1,0,0,0,0,0,0,0,0,0,0,0,0
2026-07-25T22:15:00.000+02:00,538,0,0,0,537.33,1,0,0,0,0,0,0,0,0,0,0,0,0
2026-07-25T22:30:00.000+02:00,552,0,0,0,551.33,1,0,0,0,0,0,0,0,0,0,0,0,0
2026-07-25T22:45:00.000+02:00,566,0,0,0,565.33,1,0,0,0,0,0,0,0,0,0,0,0,0
2026-07-25T23:00:00.000+02:00,545,0,0,0,544.33,1,0,0,0,0,0,0,0,0,0,0,0,0
2026-07-25T23:15:00.000+02:00,514,0,0,0,513.67,1,0,0,0,0,0,0,0,0,0,0,0,0
2026-07-25T23:30:00.000+02:00,558,0,0,0,557.67,1,0,0,0,0,0,0,0,0,0,0,0,0
2026-07-25T23:45:00.000+02:00,586,0,0,0,585.33,1,0,0,0.33,1,0,0,0,0,0,0,0,0
2026-07-26T00:00:00.000+02:00,611,0,0,0,611,1,0,0,5,1,0,0,0,0,0,0,0,0
2026-07-26T00:15:00.000+02:00,569,0,0,0,568.33,1,0,0,0,0,0,0,0,0,0,0,0,0
2026-07-26T00:30:00.000+02:00,564,0,0,0,563.33,1,0,0,0,0,0,0,0,0,0,0,0,0
2026-07-26T00:45:00.000+02:00,558,0,0,0,557.33,1,0,0,0,0,0,0,0,0,0,0,0,0
2026-07-26T01:00:00.000+02:00,545,0,0,0,544.67,1,0,0,0,0,0,0,0,0,0,0,0,0
2026-07-26T01:15:00.000+02:00,522,0,0,0,521,1,0,0,0,0,0,0,0,0,0,0,0,0
2026-07-26T01:30:00.000+02:00,512,0,0,0,511,1,0,0,0,0,0,0,0,0,0,0,0,0
2026-07-26T01:45:00.000+02:00,560,0,0,0,559,1,0,0,0,0,0,0,0,0,0,0,0,0
2026-07-26T02:00:00.000+02:00,563,0,0,0,563,1,0,0,0,0,0,0,0,0,0,0,0,0
2026-07-26T02:15:00.000+02:00,559,0,0,0,558.67,1,0,0,0,0,0,0,0,0,0,0,0,0
2026-07-26T02:30:00.000+02:00,562,0,0,0,561.33,1,0,0,0,0,0,0,0,0,0,0,0,0
2026-07-26T02:45:00.000+02:00,566,0,0,0,565,1,0,0,0,0,0,0,0,0,0,0,0,0
2026-07-26T03:00:00.000+02:00,583,0,0,0,582.67,1,0,0,0,0,0,0,0,0,0,0,0,0
2026-07-26T03:15:00.000+02:00,575,0,0,0,574,1,0,0,0,0,0,0,0,0,0,0,0,0
2026-07-26T03:30:00.000+02:00,557,0,0,0,557,1,0,0,0,0,0,0,0,0,0,0,0,0
2026-07-26T03:45:00.000+02:00,552,0,0,0,551.33,1,0,0,0,0,0,0,0,0,0,0,0,0
2026-07-26T04:00:00.000+02:00,619,0,0,0,618.67,1,0,0,0,0,0,0,0,0,0,0,0,0
2026-07-26T04:15:00.000+02:00,612,0,0,0,611.67,1,0,0,0,0,0,0,0,0,0,0,0,0
2026-07-26T04:30:00.000+02:00,534,0,0,0,533.33,1,0,0,0,0,0,0,0,0,0,0,0,0
2026-07-26T04:45:00.000+02:00,522,0,0,0,521,1,0,0,0,0,0,0,0,0,0,0,0,0
2026-07-26T05:00:00.000+02:00,553,0,0,0,552.67,1,0,0,0,0,0,0,0,0,0,0,0,0
2026-07-26T05:15:00.000+02:00,574,0,0,0,573.33,1,0,0,0,0,0,0,0,0,0,0,0,0
2026-07-26T05:30:00.000+02:00,575,0,0,0,574.33,1,0,0,0,0,0,0,0,0,0,0,0,0
2026-07-26T05:45:00.000+02:00,717,0,0,0,716.33,1,0,0,0,0,0,0,0,0,0,0,0,0
2026-07-26T06:00:00.000+02:00,762,0,0,0,760.67,1,0,0,5.67,1,0,0,0,0,0,0,0,0
2026-07-26T06:15:00.000+02:00,723,0,0,0,722.33,1,0,0,0,1,0,0,0,0,0,0,0,0
2026-07-26T06:30:00.000+02:00,661,0,0,0,660.33,1,0,0,0,1,0,0,0,0,0,0,0,0
2026-07-26T06:45:00.000+02:00,655,1,0,0,654,1,0.67,1,0,1,0,0,0,0,0,0,0,0
2026-07-26T07:00:00.000+02:00,702,1,0,0,701.67,1,0.67,1,0,1,0,0,0,0,0,0,0,0
2026-07-26T07:15:00.000+02:00,700,2,0,0,698,1,1.67,1,0,1,0,0,0,0,0,0,0,0
2026-07-26T07:30:00.000+02:00,739,4,0,0,734.33,1,4.33,1,0,1,72,1,0,0,0,0,0,0
2026-07-26T07:45:00.000+02:00,713,2,0,0,711,1,2.33,1,0,1,44.33,1,0,0,0,0,0,0
2026-07-26T08:00:00.000+02:00,705,17,0,0,688,1,16.67,1,0,1,30.67,1,0,0,0,0,0,0
2026-07-26T08:15:00.000+02:00,739,106,0,0,633,1,105.67,1,0,1,13,1,0,0,0,0,0,0
2026-07-26T08:30:00.000+02:00,700,146,0,0,553.33,1,145.67,1,0,1,0,0,0,0,0,0,0,0
2026-07-26T08:45:00.000+02:00,722,209,0,0,512.67,1,209,1,0,1,0,0,0,0,0,0,0,0
2026-07-26T09:00:00.000+02:00,629,255,0,0,373,1,255.33,1,0,0,0,0,0,0,0,0,0,0
2026-07-26T09:15:00.000+02:00,610,295,0,0,313.67,1,295.33,1,0,0,0,0,0,0,0,0,0,0
2026-07-26T09:30:00.000+02:00,735,364,0,0,370,1,364.33,1,0,0,0,0,0,0,0,0,0,0
2026-07-26T09:45:00.000+02:00,663,368,0,0,295,1,367.67,1,0,0,0,0,0,0,0,0,0,0
2026-07-26T10:00:00.000+02:00,663,471,0,0,191.33,1,470.67,1,0,0,0,0,0,0,0,0,0,0
2026-07-26T10:15:00.000+02:00,652,786,0,0,-133.33,1,786,1,5.67,1,0,0,0,0,0,0,0,0
2026-07-26T10:30:00.000+02:00,656,931,0,0,-274,1,930.67,1,0,1,0,0,0,0,0,0,0,0
2026-07-26T10:45:00.000+02:00,644,1317,0,0,-672.67,1,1317,1,0,1,0,0,0,0,0,0,0,0
2026-07-26T11:00:00.000+02:00,616,1228,0,0,-611,1,1227.67,1,0,1,0,0,0,0,0,0,0,0
2026-07-26T11:15:00.000+02:00,640,1271,0,0,-629.67,1,1270.67,1,0,1,0,0,0,0,0,0,0,0
2026-07-26T11:30:00.000+02:00,654,1299,0,0,-644,1,1299,1,0,1,0,0,0,0,0,0,0,0
2026-07-26T11:45:00.000+02:00,653,1351,0,0,-697,1,1350.67,1,0,1,0,0,0,0,0,0,0,0
2026-07-26T12:00:00.000+02:00,674,1641,0,0,-966,1,1641,1,0,1,0,0,0,0,0,0,0,0
2026-07-26T12:15:00.000+02:00,653,1561,0,0,-907,1,1561,1,0,1,0,0,0,0,0,0,0,0
2026-07-26T12:30:00.000+02:00,675,1175,0,0,-500,1,1175,1,0,1,0,0,0,0,0,0,0,0
2026-07-26T12:45:00.000+02:00,680,1448,0,0,-767.33,1,1448,1,0,1,0,0,0,0,0,0,0,0
2026-07-26T13:00:00.000+02:00,645,1958,0,0,-1312.33,1,1957.67,1,0,1,0,0,0,0,0,0,0,0
2026-07-26T13:15:00.000+02:00,625,2694,0,0,-2069.33,1,2694,1,0,1,0,0,0,0,0,0,0,0
2026-07-26T13:30:00.000+02:00,639,2831,0,0,-2191,1,2830.67,1,0,1,0,0,0,0,0,0,0,0
2026-07-26T13:45:00.000+02:00,651,1649,0,0,-998,1,1649,1,0,1,0,0,0,0,0,0,0,0
2026-07-26T14:00:00.000+02:00,627,1465,0,0,-837.67,1,1464.33,1,0,1,0,0,0,0,0,0,0,0
2026-07-26T14:15:00.000+02:00,668,1568,0,0,-899.67,1,1567.67,1,0,1,0,0,0,0,0,0,0,0
2026-07-26T14:30:00.000+02:00,670,1419,0,0,-748.33,1,1418.67,1,0,1,0,0,0,0,0,0,0,0
2026-07-26T14:45:00.000+02:00,663,1824,0,0,-1160.33,1,1824,1,0,1,0,0,0,0,0,0,0,0
2026-07-26T15:00:00.000+02:00,609,2109,0,0,-1503,1,2109,1,0,1,0,0,0,0,0,0,0,0
2026-07-26T15:15:00.000+02:00,580,2036,0,0,-1455,1,2036.33,1,0,1,0,0,0,0,0,0,0,0
2026-07-26T15:30:00.000+02:00,596,2228,0,0,-1631.33,1,2228,1,0,1,0,0,0,0,0,0,0,0
2026-07-26T15:45:00.000+02:00,624,964,0,0,-339.67,1,964,1,0,1,0,0,0,0,0,0,0,0
2026-07-26T16:00:00.000+02:00,619,2009,0,0,-1389,1,2009.33,1,0,1,0,0,0,0,0,0,0,0
2026-07-26T16:15:00.000+02:00,599,1742,0,0,-1142.67,1,1742.33,1,0,1,0,0,0,0,0,0,0,0
2026-07-26T16:30:00.000+02:00,615,1530,0,0,-914.33,1,1530,1,0,1,0,0,0,0,0,0,0,0
2026-07-26T16:45:00.000+02:00,642,1444,0,0,-801.33,1,1444.33,1,0,1,0,0,0,0,0,0,0,0
2026-07-26T17:00:00.000+02:00,632,1678,0,0,-1045.33,1,1678.33,1,0,1,0,0,0,0,0,0,0,0
2026-07-26T17:15:00.000+02:00,623,1377,0,0,-753,1,1376.67,1,0,1,0,0,0,0,0,0,0,0
2026-07-26T17:30:00.000+02:00,652,1390,0,0,-736.67,1,1389.67,1,0,1,0,0,0,0,0,0,0,0
2026-07-26T17:45:00.000+02:00,677,1262,0,0,-584.33,1,1262,1,0,1,0,0,0,0,0,0,0,0
2026-07-26T18:00:00.000+02:00,617,1154,0,0,-536.33,1,1153.67,1,0,1,0,0,0,0,0,0,0,0
2026-07-26T18:15:00.000+02:00,604,911,0,0,-307.33,1,911.33,1,0,1,0,0,0,0,0,0,0,0
2026-07-26T18:30:00.000+02:00,622,659,0,0,-37,1,659,1,0,1,0,0,0,0,0,0,0,0
2026-07-26T18:45:00.000+02:00,613,664,0,0,-50.67,1,664,1,0,1,0,0,0,0,0,0,0,0
2026-07-26T19:00:00.000+02:00,586,355,0,0,230.67,1,355.33,1,0,1,0,0,0,0,0,0,0,0
2026-07-26T19:15:00.000+02:00,584,124,0,0,460.33,1,123.67,1,0,1,0,0,0,0,0,0,0,0
2026-07-26T19:30:00.000+02:00,632,282,0,0,350,1,281.67,1,0,1,0,0,0,0,0,0,0,0
2026-07-26T19:45:00.000+02:00,670,308,0,0,361.67,1,307.67,1,0,1,0,0,0,0,0,0,0,0
2026-07-26T20:00:00.000+02:00,832,88,0,0,743.67,1,87.67,1,0,1,0,0,0,0,0,0,0,0
2026-07-26T20:15:00.000+02:00,805,2,0,0,802.67,1,1.67,1,0,1,0,0,0,0,0,0,0,0
2026-07-26T20:30:00.000+02:00,819,2,0,0,817,1,1.67,1,0,1,0,0,0,0,0,0,0,0
2026-07-26T20:45:00.000+02:00,824,0,0,0,823.67,1,0.33,1,0,1,0,0,0,0,0,0,0,0
2026-07-26T21:00:00.000+02:00,780,0,0,0,780,1,0,0,0,0,0,0,0,0,0,0,0,0
2026-07-26T21:15:00.000+02:00,785,0,0,0,784.67,1,0,0,0,0,0,0,0,0,0,0,0,0
2026-07-26T21:30:00.000+02:00,804,0,0,0,803.33,1,0,0,0,0,0,0,0,0,0,0,0,0
2026-07-26T21:45:00.000+02:00,707,0,0,0,706,1,0,0,0,0,0,0,0,0,0,0,0,0
2026-07-26T22:00:00.000+02:00,548,0,0,0,547.33,1,0,0,0,0,0,0,0,0,0,0,0,0
2026-07-26T22:15:00.000+02:00,513,0,0,0,511.67,1,0,0,0,0,0,0,0,0,0,0,0,0
2026-07-26T22:30:00.000+02:00,543,0,0,0,542.33,1,0,0,0,0,0,0,0,0,0,0,0,0
2026-07-26T22:45:00.000+02:00,585,0,0,0,585,1,0,0,0,0,0,0,0,0,0,0,0,0
2026-07-26T23:00:00.000+02:00,597,0,0,0,596.67,1,0,0,0,0,0,0,0,0,0,0,0,0
2026-07-26T23:15:00.000+02:00,571,0,0,0,570,1,0,0,0,0,0,0,0,0,0,0,0,0
2026-07-26T23:30:00.000+02:00,585,0,0,0,584.33,1,0,0,0,0,0,0,0,0,0,0,0,0
2026-07-26T23:45:00.000+02:00,559,0,0,0,559,1,0,0,0.33,1,0,0,0,0,0,0,0,0
2026-07-27T00:00:00.000+02:00,543,0,0,0,542,1,0,0,5,1,0,0,0,0,0,0,0,0
2026-07-27T00:15:00.000+02:00,515,0,0,0,514.33,1,0,0,0,0,0,0,0,0,0,0,0,0
2026-07-27T00:30:00.000+02:00,527,0,0,0,526.67,1,0,0,0,0,0,0,0,0,0,0,0,0
2026-07-27T00:45:00.000+02:00,573,0,0,0,572.33,1,0,0,0,0,0,0,0,0,0,0,0,0
2026-07-27T01:00:00.000+02:00,559,0,0,0,558.33,1,0,0,0,0,0,0,0,0,0,0,0,0
2026-07-27T01:15:00.000+02:00,535,0,0,0,534.67,1,0,0,0,0,0,0,0,0,0,0,0,0
2026-07-27T01:30:00.000+02:00,571,0,0,0,569.67,1,0,0,0,0,0,0,0,0,0,0,0,0
2026-07-27T01:45:00.000+02:00,584,0,0,0,584,1,0,0,0,0,0,0,0,0,0,0,0,0
2026-07-27T02:00:00.000+02:00,577,0,0,0,577,1,0,0,0,0,0,0,0,0,0,0,0,0
2026-07-27T02:15:00.000+02:00,556,0,0,0,555.33,1,0,0,0,0,0,0,0,0,0,0,0,0
2026-07-27T02:30:00.000+02:00,574,0,0,0,573.33,1,0,0,0,0,0,0,0,0,0,0,0,0
2026-07-27T02:45:00.000+02:00,566,0,0,0,565.67,1,0,0,0,0,0,0,0,0,0,0,0,0
2026-07-27T03:00:00.000+02:00,562,0,0,0,562,1,0,0,0,0,0,0,0,0,0,0,0,0
2026-07-27T03:15:00.000+02:00,525,0,0,0,524.67,1,0,0,0,0,0,0,0,0,0,0,0,0
2026-07-27T03:30:00.000+02:00,519,0,0,0,519.33,1,0,0,0,0,0,0,0,0,0,0,0,0
2026-07-27T03:45:00.000+02:00,556,0,0,0,555.67,1,0,0,0,0,0,0,0,0,0,0,0,0
2026-07-27T04:00:00.000+02:00,600,0,0,0,599,1,0,0,0,0,0,0,0,0,0,0,0,0
2026-07-27T04:15:00.000+02:00,613,0,0,0,613,1,0,0,0,0,0,0,0,0,0,0,0,0
2026-07-27T04:30:00.000+02:00,623,0,0,0,622.33,1,0,0,0,0,0,0,0,0,0,0,0,0
2026-07-27T04:45:00.000+02:00,656,0,0,0,655,1,0,0,0,0,0,0,0,0,0,0,0,0
2026-07-27T05:00:00.000+02:00,655,0,0,0,654.67,1,0,0,0,0,0,0,0,0,0,0,0,0
2026-07-27T05:15:00.000+02:00,612,0,0,0,612,1,0,0,0,0,0,0,0,0,0,0,0,0
2026-07-27T05:30:00.000+02:00,1457,0,0,0,1456.33,1,0,0,0,0,884,1,0,0,0,0,0,0
2026-07-27T05:45:00.000+02:00,1634,0,0,0,1634,1,0,0,0,0,916.33,1,0,0,0,0,0,0
2026-07-27T06:00:00.000+02:00,1708,0,0,0,1707,1,0,0,5.67,1,901.67,1,0,0,0,0,0,0
2026-07-27T06:15:00.000+02:00,1656,1,0,0,1655,1,0.67,1,0,1,922.67,1,0,0,0,0,0,0
2026-07-27T06:30:00.000+02:00,1638,2,0,0,1635,1,2.33,1,0,1,920,1,0,0,0,0,0,0
2026-07-27T06:45:00.000+02:00,1601,113,0,0,1488,1,112.67,1,0,1,860.67,1,0,0,0,0,0,0
2026-07-27T07:00:00.000+02:00,1666,228,0,0,1438,1,228,1,0,1,923.33,1,0,0,0,0,0,0
2026-07-27T07:15:00.000+02:00,1678,472,0,0,1206,1,471.67,1,0,1,923.67,1,0,0,0,0,0,0
2026-07-27T07:30:00.000+02:00,895,396,0,0,498.67,1,396,1,0,1,122,1,0,0,0,0,0,0
2026-07-27T07:45:00.000+02:00,849,337,0,0,511,1,337.33,1,0,1,48.67,1,0,0,0,0,0,0
2026-07-27T08:00:00.000+02:00,842,594,0,0,247.33,1,594.33,1,0,1,35,1,0,0,0,0,0,0
2026-07-27T08:15:00.000+02:00,772,709,0,0,63,1,709,1,0,1,0,1,0,0,0,0,0,0
2026-07-27T08:30:00.000+02:00,729,787,0,0,-59,1,787.33,1,0,1,0,0,0,0,0,0,0,0
2026-07-27T08:45:00.000+02:00,750,1111,0,0,-361.33,1,1111.33,1,0,1,0,0,0,0,0,0,0,0
2026-07-27T09:00:00.000+02:00,675,1512,0,0,-835.67,1,1511.67,1,0,1,0,0,0,0,0,0,0,0
2026-07-27T09:15:00.000+02:00,655,1804,0,0,-1148.67,1,1804,1,0,1,0,0,0,0,0,0,0,0
2026-07-27T09:30:00.000+02:00,647,1565,0,0,-918,1,1564.67,1,0,1,0,0,0,0,0,0,0,0
2026-07-27T09:45:00.000+02:00,656,1964,0,0,-1307,1,1963.67,1,0,1,0,0,0,0,0,0,0,0
2026-07-27T10:00:00.000+02:00,740,1454,0,0,-715.67,1,1454,1,0,1,0,0,0,0,0,0,0,0
2026-07-27T10:15:00.000+02:00,704,2001,0,0,-1299.33,1,2001.33,1,6,1,0,0,0,0,0,0,0,0
2026-07-27T10:30:00.000+02:00,660,1686,0,0,-1025.33,1,1686,1,0,1,0,0,0,0,0,0,0,0
2026-07-27T10:45:00.000+02:00,640,1473,0,0,-834,1,1472.67,1,0,1,0,0,0,0,0,0,0,0
2026-07-27T11:00:00.000+02:00,650,1394,0,0,-743,1,1394.33,1,0,1,0,0,0,0,0,0,0,0
2026-07-27T11:15:00.000+02:00,627,1626,0,0,-999.67,1,1626.33,1,0,1,0,0,0,0,0,0,0,0
2026-07-27T11:30:00.000+02:00,620,1575,0,0,-954.67,1,1574.67,1,0,1,0,0,0,0,0,0,0,0
2026-07-27T11:45:00.000+02:00,589,1875,0,0,-1286.67,1,1875,1,0,1,0,0,0,0,0,0,0,0
2026-07-27T12:00:00.000+02:00,636,2292,0,0,-1655.67,1,2292,1,0,1,0,0,0,0,0,0,0,0
2026-07-27T12:15:00.000+02:00,617,2533,0,0,-1915.33,1,2533,1,0,1,0,0,0,0,0,0,0,0
2026-07-27T12:30:00.000+02:00,583,2905,0,0,-2321.67,1,2905.33,1,0,1,0,0,0,0,0,0,0,0
2026-07-27T12:45:00.000+02:00,572,2521,0,0,-1951,1,2521.33,1,0,1,0,0,0,0,0,0,0,0
2026-07-27T13:00:00.000+02:00,693,2806,0,0,-2117.33,1,2805.67,1,0,1,0,0,0,0,0,0,0,0
2026-07-27T13:15:00.000+02:00,676,3135,0,0,-2458.67,1,3135.33,1,0,1,0,0,0,0,0,0,0,0
2026-07-27T13:30:00.000+02:00,670,2035,0,0,-1365.33,1,2034.67,1,0,1,0,0,0,0,0,0,0,0
2026-07-27T13:45:00.000+02:00,632,2840,0,0,-2223,1,2840,1,0,1,0,0,0,0,0,0,0,0
2026-07-27T14:00:00.000+02:00,649,2611,0,0,-1963,1,2610.67,1,0,1,0,0,0,0,0,0,0,0
2026-07-27T14:15:00.000+02:00,593,1941,0,0,-1352.67,1,1940.67,1,0,1,0,0,0,0,0,0,0,0
2026-07-27T14:30:00.000+02:00,574,2473,0,0,-1900.67,1,2472.67,1,0,1,0,0,0,0,0,0,0,0
2026-07-27T14:45:00.000+02:00,606,2940,0,0,-2333.67,1,2940,1,0,1,0,0,0,0,0,0,0,0
2026-07-27T15:00:00.000+02:00,665,2594,0,0,-1928.33,1,2594,1,0,1,0,0,0,0,0,0,0,0
2026-07-27T15:15:00.000+02:00,619,2161,0,0,-1542,1,2161,1,0,1,0,0,0,0,0,0,0,0
2026-07-27T15:30:00.000+02:00,609,2847,0,0,-2237.67,1,2847.33,1,0,1,0,0,0,0,0,0,0,0
2026-07-27T15:45:00.000+02:00,606,2062,0,0,-1457.33,1,2062,1,0,1,0,0,0,0,0,0,0,0
2026-07-27T16:00:00.000+02:00,644,2551,0,0,-1906.33,1,2551,1,0,1,0,0,0,0,0,0,0,0
2026-07-27T16:15:00.000+02:00,659,2323,0,0,-1663.33,1,2322.67,1,0,1,0,0,0,0,0,0,0,0
2026-07-27T16:30:00.000+02:00,648,2161,0,0,-1512.67,1,2161,1,0,1,0,0,0,0,0,0,0,0
2026-07-27T16:45:00.000+02:00,644,2077,0,0,-1432.33,1,2077.33,1,0,1,0,0,0,0,0,0,0,0
2026-07-27T17:00:00.000+02:00,648,1926,0,0,-1276.67,1,1926,1,0,1,0,0,0,0,0,0,0,0
2026-07-27T17:15:00.000+02:00,629,1454,0,0,-824.33,1,1453.67,1,0,1,0,0,0,0,0,0,0,0
2026-07-27T17:30:00.000+02:00,608,1654,0,0,-1046,1,1654,1,0,1,0,0,0,0,0,0,0,0
2026-07-27T17:45:00.000+02:00,577,1387,0,0,-809.67,1,1387,1,0,1,0,0,0,0,0,0,0,0
2026-07-27T18:00:00.000+02:00,608,1292,0,0,-683.33,1,1292,1,0,1,0,0,0,0,0,0,0,0
2026-07-27T18:15:00.000+02:00,617,1169,0,0,-550.67,1,1169,1,0,1,0,0,0,0,0,0,0,0
2026-07-27T18:30:00.000+02:00,621,974,0,0,-352.67,1,973.67,1,0,1,0,0,0,0,0,0,0,0
2026-07-27T18:45:00.000+02:00,631,873,0,0,-242,1,873.33,1,0,1,0,0,0,0,0,0,0,0
2026-07-27T19:00:00.000+02:00,673,705,0,0,-32,1,704.67,1,0,1,0,0,0,0,0,0,0,0
2026-07-27T19:15:00.000+02:00,665,577,0,0,87.67,1,576.67,1,0,1,0,0,0,0,0,0,0,0
2026-07-27T19:30:00.000+02:00,631,462,0,0,168.33,1,462.33,1,0,1,0,0,0,0,0,0,0,0
2026-07-27T19:45:00.000+02:00,616,360,0,0,255.67,1,359.67,1,0,1,0,0,0,0,0,0,0,0
2026-07-27T20:00:00.000+02:00,793,248,0,0,544.67,1,248.33,1,0,1,0,0,0,0,0,0,0,0
2026-07-27T20:15:00.000+02:00,827,127,0,0,699,1,127.33,1,0,1,0,0,0,0,0,0,0,0
2026-07-27T20:30:00.000+02:00,792,51,0,0,740,1,51.33,1,0,1,0,0,0,0,0,0,0,0
2026-07-27T20:45:00.000+02:00,786,1,0,0,784.67,1,1,1,0,1,0,0,0,0,0,0,0,0
2026-07-27T21:00:00.000+02:00,810,0,0,0,809.33,1,0,0,0,0,0,0,0,0,0,0,0,0
2026-07-27T21:15:00.000+02:00,793,0,0,0,792.67,1,0,0,0,0,0,0,0,0,0,0,0,0
2026-07-27T21:30:00.000+02:00,783,0,0,0,782.33,1,0,0,0,0,0,0,0,0,0,0,0,0
2026-07-27T21:45:00.000+02:00,689,0,0,0,689,1,0,0,0,0,0,0,0,0,0,0,0,0
2026-07-27T22:00:00.000+02:00,607,0,0,0,606.33,1,0,0,0,0,0,0,0,0,0,0,0,0
2026-07-27T22:15:00.000+02:00,603,0,0,0,603,1,0,0,0,0,0,0,0,0,0,0,0,0
2026-07-27T22:30:00.000+02:00,587,0,0,0,586.33,1,0,0,0,0,0,0,0,0,0,0,0,0
2026-07-27T22:45:00.000+02:00,547,0,0,0,546,1,0,0,0,0,0,0,0,0,0,0,0,0
2026-07-27T23:00:00.000+02:00,530,0,0,0,530,1,0,0,0,0,0,0,0,0,0,0,0,0
2026-07-27T23:15:00.000+02:00,543,0,0,0,541.67,1,0,0,0,0,0,0,0,0,0,0,0,0
2026-07-27T23:30:00.000+02:00,539,0,0,0,538.67,1,0,0,0,0,0,0,0,0,0,0,0,0
2026-07-27T23:45:00.000+02:00,532,0,0,0,531.33,1,0,0,0.33,1,0,0,0,0,0,0,0,0
2026-07-28T00:00:00.000+02:00,551,0,0,0,550.67,1,0,0,5,1,0,0,0,0,0,0,0,0
2026-07-28T00:15:00.000+02:00,565,0,0,0,564.67,1,0,0,0,0,0,0,0,0,0,0,0,0
2026-07-28T00:30:00.000+02:00,569,0,0,0,568.33,1,0,0,0,0,0,0,0,0,0,0,0,0
2026-07-28T00:45:00.000+02:00,554,0,0,0,553.33,1,0,0,0,0,0,0,0,0,0,0,0,0
2026-07-28T01:00:00.000+02:00,557,0,0,0,556.33,1,0,0,0,0,0,0,0,0,0,0,0,0
2026-07-28T01:15:00.000+02:00,583,0,0,0,583.33,1,0,0,0,0,0,0,0,0,0,0,0,0
2026-07-28T01:30:00.000+02:00,587,0,0,0,586.67,1,0,0,0,0,0,0,0,0,0,0,0,0
2026-07-28T01:45:00.000+02:00,538,0,0,0,537,1,0,0,0,0,0,0,0,0,0,0,0,0
2026-07-28T02:00:00.000+02:00,539,0,0,0,538.33,1,0,0,0,0,0,0,0,0,0,0,0,0
2026-07-28T02:15:00.000+02:00,566,0,0,0,565,1,0,0,0,0,0,0,0,0,0,0,0,0
2026-07-28T02:30:00.000+02:00,544,0,0,0,543.33,1,0,0,0,0,0,0,0,0,0,0,0,0
2026-07-28T02:45:00.000+02:00,509,0,0,0,508.67,1,0,0,0,0,0,0,0,0,0,0,0,0
2026-07-28T03:00:00.000+02:00,518,0,0,0,517.33,1,0,0,0,0,0,0,0,0,0,0,0,0
2026-07-28T03:15:00.000+02:00,563,0,0,0,562.33,1,0,0,0,0,0,0,0,0,0,0,0,0
2026-07-28T03:30:00.000+02:00,614,0,0,0,613.67,1,0,0,0,0,0,0,0,0,0,0,0,0
2026-07-28T03:45:00.000+02:00,586,0,0,0,586.33,1,0,0,0,0,0,0,0,0,0,0,0,0
2026-07-28T04:00:00.000+02:00,578,0,0,0,577.33,1,0,0,0,0,0,0,0,0,0,0,0,0
2026-07-28T04:15:00.000+02:00,590,0,0,0,589,1,0,0,0,0,0,0,0,0,0,0,0,0
2026-07-28T04:30:00.000+02:00,557,0,0,0,556.33,1,0,0,0,0,0,0,0,0,0,0,0,0
2026-07-28T04:45:00.000+02:00,529,0,0,0,529,1,0,0,0,0,0,0,0,0,0,0,0,0
2026-07-28T05:00:00.000+02:00,519,0,0,0,518.33,1,0,0,0,0,0,0,0,0,0,0,0,0
2026-07-28T05:15:00.000+02:00,549,0,0,0,548.67,1,0,0,0,0,0,0,0,0,0,0,0,0
2026-07-28T05:30:00.000+02:00,995,0,0,0,994.67,1,0,0,0,0,0,0,0,0,0,0,0,0
2026-07-28T05:45:00.000+02:00,2651,0,0,0,2650.33,1,0,0,0,0,0,0,0,0,0,0,0,0
2026-07-28T06:00:00.000+02:00,2236,0,0,0,2236,1,0,0,5.67,1,0,0,0,0,0,0,0,0
2026-07-28T06:15:00.000+02:00,683,1,0,0,681.33,1,0.67,1,0,1,0,0,0,0,0,0,0,0
2026-07-28T06:30:00.000+02:00,715,15,0,0,700,1,14.67,1,0,1,0,0,0,0,0,0,0,0
2026-07-28T06:45:00.000+02:00,726,161,0,0,564,1,161.33,1,0,1,0,0,0,0,0,0,0,0
2026-07-28T07:00:00.000+02:00,700,233,0,0,466.67,1,232.67,1,0,1,0,0,0,0,0,0,0,0
2026-07-28T07:15:00.000+02:00,729,319,0,0,409.33,1,319,1,0,1,0,0,0,0,0,0,0,0
2026-07-28T07:30:00.000+02:00,772,409,0,0,362.67,1,409,1,0,1,46.67,1,0,0,0,0,0,0
2026-07-28T07:45:00.000+02:00,747,534,0,0,211.67,1,534.33,1,0,1,41,1,0,0,0,0,0,0
2026-07-28T08:00:00.000+02:00,710,655,0,0,54.67,1,655,1,0,1,20.33,1,0,0,0,0,0,0
2026-07-28T08:15:00.000+02:00,667,769,0,0,-101.33,1,768.67,1,0,1,10.33,1,0,0,0,0,0,0
2026-07-28T08:30:00.000+02:00,684,905,0,0,-220.33,1,905,1,0,1,0,0,0,0,0,0,0,0
2026-07-28T08:45:00.000+02:00,689,1219,0,0,-528.67,1,1218.67,1,0,1,0,0,0,0,0,0,0,0
2026-07-28T09:00:00.000+02:00,610,1379,0,0,-768.67,1,1378.67,1,0,1,0,0,0,0,0,0,0,0
2026-07-28T09:15:00.000+02:00,614,1523,0,0,-909,1,1523,1,0,1,0,0,0,0,0,0,0,0
2026-07-28T09:30:00.000+02:00,656,1654,0,0,-997.67,1,1654,1,0,1,0,0,0,0,0,0,0,0
2026-07-28T09:45:00.000+02:00,669,1778,0,0,-1109.33,1,1778.33,1,0,1,0,0,0,0,0,0,0,0
2026-07-28T10:00:00.000+02:00,728,1900,0,0,-1170.67,1,1900,1,0,1,0,0,0,0,0,0,0,0
2026-07-28T10:15:00.000+02:00,668,2016,0,0,-1346.33,1,2015.67,1,0,1,0,0,0,0,0,0,0,0
2026-07-28T10:30:00.000+02:00,640,2120,0,0,-1479,1,2120,1,0,1,0,0,0,0,0,0,0,0
2026-07-28T10:45:00.000+02:00,681,2213,0,0,-1531.33,1,2212.67,1,0,1,0,0,0,0,0,0,0,0
2026-07-28T11:00:00.000+02:00,668,2299,0,0,-1630.67,1,2298.67,1,0,1,0,0,0,0,0,0,0,0
2026-07-28T11:15:00.000+02:00,630,2374,0,0,-1743.33,1,2373.67,1,0,1,0,0,0,0,0,0,0,0
2026-07-28T11:30:00.000+02:00,628,2442,0,0,-1814,1,2442.33,1,0,1,0,0,0,0,0,0,0,0
2026-07-28T11:45:00.000+02:00,628,2504,0,0,-1875.33,1,2504,1,0,1,0,0,0,0,0,0,0,0
2026-07-28T12:00:00.000+02:00,623,2547,0,0,-1923.33,1,2547,1,0,1,0,0,0,0,0,0,0,0
2026-07-28T12:15:00.000+02:00,623,2578,0,0,-1955,1,2578.33,1,0,1,0,0,0,0,0,0,0,0
2026-07-28T12:30:00.000+02:00,646,2610,0,0,-1963.33,1,2610,1,0,1,0,0,0,0,0,0,0,0
2026-07-28T12:45:00.000+02:00,682,2649,0,0,-1967,1,2649,1,0,1,0,0,0,0,0,0,0,0
2026-07-28T13:00:00.000+02:00,665,2644,0,0,-1979.33,1,2644.33,1,0,1,0,0,0,0,0,0,0,0
2026-07-28T13:15:00.000+02:00,620,2646,0,0,-2026,1,2646,1,0,1,0,0,0,0,0,0,0,0
2026-07-28T13:30:00.000+02:00,614,2676,0,0,-2061,1,2675.67,1,0,1,0,0,0,0,0,0,0,0
2026-07-28T13:45:00.000+02:00,618,2671,0,0,-2052.33,1,2671,1,0,1,0,0,0,0,0,0,0,0
2026-07-28T14:00:00.000+02:00,602,2662,0,0,-2059.67,1,2662.33,1,0,1,0,0,0,0,0,0,0,0
2026-07-28T14:15:00.000+02:00,585,2637,0,0,-2051.67,1,2637.33,1,0,1,0,0,0,0,0,0,0,0
2026-07-28T14:30:00.000+02:00,626,2619,0,0,-1991.67,1,2618.67,1,0,1,0,0,0,0,0,0,0,0
2026-07-28T14:45:00.000+02:00,637,2563,0,0,-1924.67,1,2562.67,1,0,1,0,0,0,0,0,0,0,0
2026-07-28T15:00:00.000+02:00,647,2514,0,0,-1866.67,1,2514,1,0,1,0,0,0,0,0,0,0,0
2026-07-28T15:15:00.000+02:00,639,2453,0,0,-1813.33,1,2453,1,0,1,0,0,0,0,0,0,0,0
2026-07-28T15:30:00.000+02:00,641,2418,0,0,-1776.33,1,2417.67,1,0,1,0,0,0,0,0,0,0,0
2026-07-28T15:45:00.000+02:00,657,2342,0,0,-1684,1,2342,1,0,1,0,0,0,0,0,0,0,0
2026-07-28T16:00:00.000+02:00,642,2236,0,0,-1593.67,1,2236,1,0,1,0,0,0,0,0,0,0,0
2026-07-28T16:15:00.000+02:00,614,2150,0,0,-1536,1,2150.33,1,0,1,0,0,0,0,0,0,0,0
2026-07-28T16:30:00.000+02:00,628,2050,0,0,-1421.67,1,2049.67,1,0,1,0,0,0,0,0,0,0,0
2026-07-28T16:45:00.000+02:00,637,1940,0,0,-1302,1,1939.67,1,0,1,0,0,0,0,0,0,0,0
2026-07-28T17:00:00.000+02:00,614,1832,0,0,-1216.33,1,1831.67,1,0,1,0,0,0,0,0,0,0,0
2026-07-28T17:15:00.000+02:00,586,1721,0,0,-1134,1,1720.67,1,0,1,0,0,0,0,0,0,0,0
2026-07-28T17:30:00.000+02:00,611,1594,0,0,-983,1,1594,1,0,1,0,0,0,0,0,0,0,0
2026-07-28T17:45:00.000+02:00,617,1449,0,0,-831.67,1,1449,1,0,1,0,0,0,0,0,0,0,0
2026-07-28T18:00:00.000+02:00,641,1309,0,0,-667.33,1,1308.67,1,0,1,0,0,0,0,0,0,0,0
2026-07-28T18:15:00.000+02:00,644,1157,0,0,-513,1,1156.67,1,0,1,0,0,0,0,0,0,0,0
2026-07-28T18:30:00.000+02:00,665,1006,0,0,-341,1,1006.33,1,0,1,0,0,0,0,0,0,0,0
2026-07-28T18:45:00.000+02:00,672,857,0,0,-184.67,1,857.33,1,0,1,0,0,0,0,0,0,0,0
2026-07-28T19:00:00.000+02:00,628,714,0,0,-85,1,714,1,0,1,0,0,0,0,0,0,0,0
2026-07-28T19:15:00.000+02:00,583,577,0,0,5.67,1,577.33,1,0,1,0,0,0,0,0,0,0,0
2026-07-28T19:30:00.000+02:00,601,456,0,0,145.33,1,455.67,1,0,1,0,0,0,0,0,0,0,0
2026-07-28T19:45:00.000+02:00,628,350,0,0,278.33,1,349.67,1,0,1,0,0,0,0,0,0,0,0
2026-07-28T20:00:00.000+02:00,808,242,0,0,565.33,1,242,1,0,1,0,0,0,0,0,0,0,0
2026-07-28T20:15:00.000+02:00,796,124,0,0,671,1,124,1,0,1,0,0,0,0,0,0,0,0
2026-07-28T20:30:00.000+02:00,809,42,0,0,767,1,42,1,0,1,0,0,0,0,0,0,0,0
2026-07-28T20:45:00.000+02:00,825,1,0,0,823,1,1.33,1,0,1,0,0,0,0,0,0,0,0
2026-07-28T21:00:00.000+02:00,824,0,0,0,823,1,0,0,0,0,0,0,0,0,0,0,0,0
2026-07-28T21:15:00.000+02:00,806,0,0,0,805,1,0,0,0,0,0,0,0,0,0,0,0,0
2026-07-28T21:30:00.000+02:00,836,0,0,0,835.67,1,0,0,0,0,0,0,0,0,0,0,0,0
2026-07-28T21:45:00.000+02:00,720,0,0,0,719.67,1,0,0,0,0,0,0,0,0,0,0,0,0
2026-07-28T22:00:00.000+02:00,561,0,0,0,560.33,1,0,0,0,0,0,0,0,0,0,0,0,0
2026-07-28T22:15:00.000+02:00,532,0,0,0,530.67,1,0,0,0,0,0,0,0,0,0,0,0,0
2026-07-28T22:30:00.000+02:00,528,0,0,0,528,1,0,0,0,0,0,0,0,0,0,0,0,0
2026-07-28T22:45:00.000+02:00,546,0,0,0,545.33,1,0,0,0,0,0,0,0,0,0,0,0,0
2026-07-28T23:00:00.000+02:00,541,0,0,0,540.33,1,0,0,0,0,0,0,0,0,0,0,0,0
2026-07-28T23:15:00.000+02:00,528,0,0,0,527.33,1,0,0,0,0,0,0,0,0,0,0,0,0
2026-07-28T23:30:00.000+02:00,549,0,0,0,549,1,0,0,0,0,0,0,0,0,0,0,0,0
2026-07-28T23:45:00.000+02:00,594,0,0,0,592.67,1,0,0,0.33,1,0,0,0,0,0,0,0,0
2026-07-29T00:00:00.000+02:00,599,0,0,0,598.67,1,0,0,5,1,0,0,0,0,0,0,0,0
2026-07-29T00:15:00.000+02:00,553,0,0,0,552.33,1,0,0,0,0,0,0,0,0,0,0,0,0
2026-07-29T00:30:00.000+02:00,562,0,0,0,561.67,1,0,0,0,0,0,0,0,0,0,0,0,0
2026-07-29T00:45:00.000+02:00,582,0,0,0,581.33,1,0,0,0,0,0,0,0,0,0,0,0,0
2026-07-29T01:00:00.000+02:00,555,0,0,0,554.67,1,0,0,0,0,0,0,0,0,0,0,0,0
2026-07-29T01:15:00.000+02:00,537,0,0,0,536.67,1,0,0,0,0,0,0,0,0,0,0,0,0
2026-07-29T01:30:00.000+02:00,537,0,0,0,536,1,0,0,0,0,0,0,0,0,0,0,0,0
2026-07-29T01:45:00.000+02:00,567,0,0,0,565.67,1,0,0,0,0,0,0,0,0,0,0,0,0
2026-07-29T02:00:00.000+02:00,547,0,0,0,546.67,1,0,0,0,0,0,0,0,0,0,0,0,0
2026-07-29T02:15:00.000+02:00,513,0,0,0,512,1,0,0,0,0,0,0,0,0,0,0,0,0
2026-07-29T02:30:00.000+02:00,515,0,0,0,515,1,0,0,0,0,0,0,0,0,0,0,0,0
2026-07-29T02:45:00.000+02:00,585,0,0,0,584,1,0,0,0,0,0,0,0,0,0,0,0,0
2026-07-29T03:00:00.000+02:00,605,0,0,0,605,1,0,0,0,0,0,0,0,0,0,0,0,0
2026-07-29T03:15:00.000+02:00,574,0,0,0,573.67,1,0,0,0,0,0,0,0,0,0,0,0,0
2026-07-29T03:30:00.000+02:00,571,0,0,0,570.33,1,0,0,0,0,0,0,0,0,0,0,0,0
2026-07-29T03:45:00.000+02:00,575,0,0,0,574.67,1,0,0,0,0,0,0,0,0,0,0,0,0
2026-07-29T04:00:00.000+02:00,545,0,0,0,544,1,0,0,0,0,0,0,0,0,0,0,0,0
2026-07-29T04:15:00.000+02:00,524,0,0,0,523,1,0,0,0,0,0,0,0,0,0,0,0,0
2026-07-29T04:30:00.000+02:00,524,0,0,0,523.67,1,0,0,0,0,0,0,0,0,0,0,0,0
2026-07-29T04:45:00.000+02:00,560,0,0,0,560,1,0,0,0,0,0,0,0,0,0,0,0,0
2026-07-29T05:00:00.000+02:00,591,0,0,0,590.33,1,0,0,0,0,0,0,0,0,0,0,0,0
2026-07-29T05:15:00.000+02:00,564,0,0,0,563,1,0,0,0,0,0,0,0,0,0,0,0,0
2026-07-29T05:30:00.000+02:00,1434,0,0,0,1434,1,0,0,0,0,882.67,1,0,0,0,0,0,0
2026-07-29T05:45:00.000+02:00,1628,0,0,0,1628,1,0,0,0,0,904.67,1,0,0,0,0,0,0
2026-07-29T06:00:00.000+02:00,1682,0,0,0,1681.33,1,0.33,1,5.67,1,901.67,1,0,0,0,0,0,0
2026-07-29T06:15:00.000+02:00,1623,1,0,0,1621.67,1,1,1,0,1,924,1,0,0,0,0,0,0
2026-07-29T06:30:00.000+02:00,1627,2,0,0,1623.67,1,2,1,0,1,923.33,1,0,0,0,0,0,0
2026-07-29T06:45:00.000+02:00,1566,123,0,0,1442.67,1,123.33,1,0,1,873,1,0,0,0,0,0,0
2026-07-29T07:00:00.000+02:00,1635,208,0,0,1426.33,1,208,1,0,1,924.67,1,0,0,0,0,0,0
2026-07-29T07:15:00.000+02:00,1613,306,0,0,1306.67,1,305.67,1,0,1,924.33,1,0,0,0,0,0,0
2026-07-29T07:30:00.000+02:00,774,393,0,0,381.33,1,392.67,1,0,1,103.67,1,0,0,0,0,0,0
2026-07-29T07:45:00.000+02:00,731,518,0,0,213,1,518,1,0,1,48.33,1,0,0,0,0,0,0
2026-07-29T08:00:00.000+02:00,735,635,0,0,99.67,1,634.67,1,0,1,43.33,1,0,0,0,0,0,0
2026-07-29T08:15:00.000+02:00,751,740,0,0,12,1,739.67,1,0,1,0,0,0,0,0,0,0,0
2026-07-29T08:30:00.000+02:00,768,869,0,0,-100.67,1,869,1,0,1,0,0,0,0,0,0,0,0
2026-07-29T08:45:00.000+02:00,782,1151,0,0,-369,1,1151,1,0,1,0,0,0,0,0,0,0,0
2026-07-29T09:00:00.000+02:00,685,1288,0,0,-602,1,1288.33,1,0,1,0,0,0,0,0,0,0,0
2026-07-29T09:15:00.000+02:00,697,1424,0,0,-726.33,1,1424,1,0,1,0,0,0,0,0,0,0,0
2026-07-29T09:30:00.000+02:00,660,1546,0,0,-885,1,1545.67,1,0,1,0,0,0,0,0,0,0,0
2026-07-29T09:45:00.000+02:00,635,1663,0,0,-1028.33,1,1663.33,1,0,1,0,0,0,0,0,0,0,0
2026-07-29T10:00:00.000+02:00,717,1772,0,0,-1054,1,1771.67,1,0,1,0,0,0,0,0,0,0,0
2026-07-29T10:15:00.000+02:00,669,1890,0,0,-1220.33,1,1889.67,1,0,1,0,0,0,0,0,0,0,0
2026-07-29T10:30:00.000+02:00,631,2010,0,0,-1379,1,2010.33,1,0,1,0,0,0,0,0,0,0,0
2026-07-29T10:45:00.000+02:00,630,2102,0,0,-1472,1,2102,1,0,1,0,0,0,0,0,0,0,0
2026-07-29T11:00:00.000+02:00,629,2190,0,0,-1560.33,1,2189.67,1,0,1,0,0,0,0,0,0,0,0
2026-07-29T11:15:00.000+02:00,618,2285,0,0,-1666.67,1,2284.67,1,0,1,0,0,0,0,0,0,0,0
2026-07-29T11:30:00.000+02:00,627,2360,0,0,-1732.67,1,2360.33,1,0,1,0,0,0,0,0,0,0,0
2026-07-29T11:45:00.000+02:00,667,2418,0,0,-1750.67,1,2418.33,1,0,1,0,0,0,0,0,0,0,0
2026-07-29T12:00:00.000+02:00,681,2438,0,0,-1756,1,2437.67,1,0,1,0,0,0,0,0,0,0,0
2026-07-29T12:15:00.000+02:00,661,2494,0,0,-1832.67,1,2494.33,1,0,1,0,0,0,0,0,0,0,0
2026-07-29T12:30:00.000+02:00,623,2563,0,0,-1938.67,1,2563,1,0,1,0,0,0,0,0,0,0,0
2026-07-29T12:45:00.000+02:00,615,2601,0,0,-1986.33,1,2601.33,1,0,1,0,0,0,0,0,0,0,0
2026-07-29T13:00:00.000+02:00,625,2623,0,0,-1998.33,1,2623.33,1,0,1,0,0,0,0,0,0,0,0
2026-07-29T13:15:00.000+02:00,604,2618,0,0,-2014.33,1,2618.33,1,0,1,0,0,0,0,0,0,0,0
2026-07-29T13:30:00.000+02:00,615,2621,0,0,-2005.67,1,2621.33,1,0,1,0,0,0,0,0,0,0,0
2026-07-29T13:45:00.000+02:00,631,2598,0,0,-1966.33,1,2597.67,1,0,1,0,0,0,0,0,0,0,0
2026-07-29T14:00:00.000+02:00,644,2612,0,0,-1967,1,2612.33,1,0,1,0,0,0,0,0,0,0,0
2026-07-29T14:15:00.000+02:00,646,2576,0,0,-1929.33,1,2576,1,0,1,0,0,0,0,0,0,0,0
2026-07-29T14:30:00.000+02:00,632,2558,0,0,-1925.67,1,2558.33,1,0,1,0,0,0,0,0,0,0,0
2026-07-29T14:45:00.000+02:00,664,2519,0,0,-1855.67,1,2519.33,1,0,1,0,0,0,0,0,0,0,0
2026-07-29T15:00:00.000+02:00,664,2480,0,0,-1815.67,1,2480.33,1,0,1,0,0,0,0,0,0,0,0
2026-07-29T15:15:00.000+02:00,656,2448,0,0,-1791.67,1,2448,1,0,1,0,0,0,0,0,0,0,0
2026-07-29T15:30:00.000+02:00,614,2353,0,0,-1738.67,1,2353.33,1,0,1,0,0,0,0,0,0,0,0
2026-07-29T15:45:00.000+02:00,640,2272,0,0,-1631,1,2271.67,1,0,1,0,0,0,0,0,0,0,0
2026-07-29T16:00:00.000+02:00,641,2211,0,0,-1570,1,2210.67,1,0,1,0,0,0,0,0,0,0,0
2026-07-29T16:15:00.000+02:00,613,2141,0,0,-1527.67,1,2141,1,0,1,0,0,0,0,0,0,0,0
2026-07-29T16:30:00.000+02:00,595,2022,0,0,-1426.33,1,2022,1,0,1,0,0,0,0,0,0,0,0
2026-07-29T16:45:00.000+02:00,611,1901,0,0,-1289,1,1901,1,0,1,0,0,0,0,0,0,0,0
2026-07-29T17:00:00.000+02:00,657,1764,0,0,-1106.33,1,1763.67,1,0,1,0,0,0,0,0,0,0,0
2026-07-29T17:15:00.000+02:00,678,1633,0,0,-954.33,1,1633.33,1,0,1,0,0,0,0,0,0,0,0
2026-07-29T17:30:00.000+02:00,650,1498,0,0,-847.67,1,1497.67,1,0,1,0,0,0,0,0,0,0,0
2026-07-29T17:45:00.000+02:00,656,1283,0,0,-626.67,1,1283,1,0,1,0,0,0,0,0,0,0,0
2026-07-29T18:00:00.000+02:00,659,776,0,0,-116.67,1,776,1,0,1,0,0,0,0,0,0,0,0
2026-07-29T18:15:00.000+02:00,635,977,0,0,-341.67,1,976.67,1,0,1,0,0,0,0,0,0,0,0
2026-07-29T18:30:00.000+02:00,596,737,0,0,-140.67,1,736.67,1,0,1,0,0,0,0,0,0,0,0
2026-07-29T18:45:00.000+02:00,627,649,0,0,-21.67,1,649,1,0,1,0,0,0,0,0,0,0,0
2026-07-29T19:00:00.000+02:00,644,282,0,0,362.33,1,281.67,1,0,1,0,0,0,0,0,0,0,0
2026-07-29T19:15:00.000+02:00,636,179,0,0,456.67,1,178.67,1,0,1,0,0,0,0,0,0,0,0
2026-07-29T19:30:00.000+02:00,608,365,0,0,243.33,1,364.67,1,0,1,0,0,0,0,0,0,0,0
2026-07-29T19:45:00.000+02:00,601,312,0,0,288.67,1,311.67,1,0,1,0,0,0,0,0,0,0,0
2026-07-29T20:00:00.000+02:00,819,204,0,0,614.33,1,204,1,0,1,0,0,0,0,0,0,0,0
2026-07-29T20:15:00.000+02:00,851,106,0,0,745.33,1,105.67,1,0,1,0,0,0,0,0,0,0,0
2026-07-29T20:30:00.000+02:00,825,9,0,0,815,1,9.33,1,0,1,0,0,0,0,0,0,0,0
2026-07-29T20:45:00.000+02:00,837,0,0,0,836,1,0.33,1,0,1,0,0,0,0,0,0,0,0
2026-07-29T21:00:00.000+02:00,865,0,0,0,864.67,1,0,0,0,0,0,0,0,0,0,0,0,0
2026-07-29T21:15:00.000+02:00,830,0,0,0,828.67,1,0,0,0,0,0,0,0,0,0,0,0,0
2026-07-29T21:30:00.000+02:00,772,0,0,0,770.67,1,0,0,0,0,0,0,0,0,0,0,0,0
2026-07-29T21:45:00.000+02:00,622,0,0,0,621.67,1,0,0,0,0,0,0,0,0,0,0,0,0
2026-07-29T22:00:00.000+02:00,544,0,0,0,543.67,1,0,0,0,0,0,0,0,0,0,0,0,0
2026-07-29T22:15:00.000+02:00,568,0,0,0,567.67,1,0,0,0,0,0,0,0,0,0,0,0,0
2026-07-29T22:30:00.000+02:00,543,0,0,0,543,1,0,0,0,0,0,0,0,0,0,0,0,0
2026-07-29T22:45:00.000+02:00,541,0,0,0,540.67,1,0,0,0,0,0,0,0,0,0,0,0,0
2026-07-29T23:00:00.000+02:00,595,0,0,0,594.33,1,0,0,0,0,0,0,0,0,0,0,0,0
2026-07-29T23:15:00.000+02:00,583,0,0,0,582.67,1,0,0,0,0,0,0,0,0,0,0,0,0
2026-07-29T23:30:00.000+02:00,563,0,0,0,562.33,1,0,0,0,0,0,0,0,0,0,0,0,0
2026-07-29T23:45:00.000+02:00,551,0,0,0,549.67,1,0,0,0.33,1,0,0,0,0,0,0,0,0
2026-07-30T00:00:00.000+02:00,567,0,0,0,567.33,1,0,0,5,1,0,0,0,0,0,0,0,0
2026-07-30T00:15:00.000+02:00,565,0,0,0,565.33,1,0,0,0,0,0,0,0,0,0,0,0,0
2026-07-30T00:30:00.000+02:00,549,0,0,0,548,1,0,0,0,0,0,0,0,0,0,0,0,0
2026-07-30T00:45:00.000+02:00,532,0,0,0,532,1,0,0,0,0,0,0,0,0,0,0,0,0
2026-07-30T01:00:00.000+02:00,534,0,0,0,533.33,1,0,0,0,0,0,0,0,0,0,0,0,0
2026-07-30T01:15:00.000+02:00,546,0,0,0,545,1,0,0,0,0,0,0,0,0,0,0,0,0
2026-07-30T01:30:00.000+02:00,533,0,0,0,532.67,1,0,0,0,0,0,0,0,0,0,0,0,0
2026-07-30T01:45:00.000+02:00,547,0,0,0,546.33,1,0,0,0,0,0,0,0,0,0,0,0,0
2026-07-30T02:00:00.000+02:00,587,0,0,0,586.33,1,0,0,0,0,0,0,0,0,0,0,0,0
2026-07-30T02:15:00.000+02:00,604,0,0,0,603.67,1,0,0,0,0,0,0,0,0,0,0,0,0
2026-07-30T02:30:00.000+02:00,600,0,0,0,599.33,1,0,0,0,0,0,0,0,0,0,0,0,0
2026-07-30T02:45:00.000+02:00,552,0,0,0,551.67,1,0,0,0,0,0,0,0,0,0,0,0,0
2026-07-30T03:00:00.000+02:00,523,0,0,0,523,1,0,0,0,0,0,0,0,0,0,0,0,0
2026-07-30T03:15:00.000+02:00,546,0,0,0,545.67,1,0,0,0,0,0,0,0,0,0,0,0,0
2026-07-30T03:30:00.000+02:00,560,0,0,0,559,1,0,0,0,0,0,0,0,0,0,0,0,0
2026-07-30T03:45:00.000+02:00,544,0,0,0,543.67,1,0,0,0,0,0,0,0,0,0,0,0,0
2026-07-30T04:00:00.000+02:00,531,0,0,0,530,1,0,0,0,0,0,0,0,0,0,0,0,0
2026-07-30T04:15:00.000+02:00,554,0,0,0,553.67,1,0,0,0,0,0,0,0,0,0,0,0,0
2026-07-30T04:30:00.000+02:00,552,0,0,0,551.33,1,0,0,0,0,0,0,0,0,0,0,0,0
2026-07-30T04:45:00.000+02:00,561,0,0,0,561,1,0,0,0,0,0,0,0,0,0,0,0,0
2026-07-30T05:00:00.000+02:00,565,0,0,0,565,1,0,0,0,0,0,0,0,0,0,0,0,0
2026-07-30T05:15:00.000+02:00,585,0,0,0,584.67,1,0,0,0,0,0,0,0,0,0,0,0,0
2026-07-30T05:30:00.000+02:00,1496,0,0,0,1495,1,0,0,0,0,883,1,0,0,0,0,0,0
2026-07-30T05:45:00.000+02:00,1642,0,0,0,1641.33,1,0,0,0,0,905.33,1,0,0,0,0,0,0
2026-07-30T06:00:00.000+02:00,1795,0,0,0,1794.67,1,0,0,5.67,1,911,1,0,0,0,0,0,0
2026-07-30T06:15:00.000+02:00,1629,1,0,0,1627,1,1.33,1,0,1,921.67,1,0,0,0,0,0,0
2026-07-30T06:30:00.000+02:00,1615,2,0,0,1612,1,2,1,0,1,921.67,1,0,0,0,0,0,0
2026-07-30T06:45:00.000+02:00,1583,123,0,0,1460.33,1,122.67,1,0,1,864,1,0,0,0,0,0,0
2026-07-30T07:00:00.000+02:00,1652,208,0,0,1444,1,207.67,1,0,1,923,1,0,0,0,0,0,0
2026-07-30T07:15:00.000+02:00,1637,300,0,0,1337,1,299.67,1,0,1,924.67,1,0,0,0,0,0,0
2026-07-30T07:30:00.000+02:00,781,399,0,0,381.67,1,399.33,1,0,1,102,1,0,0,0,0,0,0
2026-07-30T07:45:00.000+02:00,724,493,0,0,230,1,493,1,0,1,31.67,1,0,0,0,0,0,0
2026-07-30T08:00:00.000+02:00,840,605,0,0,235.67,1,604.67,1,0,1,30.67,1,0,0,0,0,0,0
2026-07-30T08:15:00.000+02:00,878,715,0,0,162,1,715.33,1,0,1,0.67,1,0,0,0,0,0,0
2026-07-30T08:30:00.000+02:00,2568,838,0,0,1729.33,1,838,1,0,1,0,0,0,0,0,0,0,0
2026-07-30T08:45:00.000+02:00,2627,1081,0,0,1546,1,1081,1,0,1,0,0,0,0,0,0,0,0
2026-07-30T09:00:00.000+02:00,698,1226,0,0,-527.33,1,1225.67,1,0,1,0,0,0,0,0,0,0,0
2026-07-30T09:15:00.000+02:00,679,1354,0,0,-674.33,1,1353.67,1,0,1,0,0,0,0,0,0,0,0
2026-07-30T09:30:00.000+02:00,652,1492,0,0,-840.33,1,1492.33,1,0,1,0,0,0,0,0,0,0,0
2026-07-30T09:45:00.000+02:00,656,1615,0,0,-958.67,1,1615,1,0,1,0,0,0,0,0,0,0,0
2026-07-30T10:00:00.000+02:00,701,1716,0,0,-1013.67,1,1715.67,1,0,1,0,0,0,0,0,0,0,0
2026-07-30T10:15:00.000+02:00,658,1831,0,0,-1172.67,1,1830.67,1,0,1,0,0,0,0,0,0,0,0
2026-07-30T10:30:00.000+02:00,653,1934,0,0,-1280.67,1,1933.67,1,0,1,0,0,0,0,0,0,0,0
2026-07-30T10:45:00.000+02:00,705,2021,0,0,-1315,1,2021,1,0,1,0,0,0,0,0,0,0,0
2026-07-30T11:00:00.000+02:00,722,2116,0,0,-1393.67,1,2116,1,0,1,0,0,0,0,0,0,0,0
2026-07-30T11:15:00.000+02:00,708,2218,0,0,-1510.33,1,2218.33,1,0,1,0,0,0,0,0,0,0,0
2026-07-30T11:30:00.000+02:00,682,2278,0,0,-1595,1,2277.67,1,0,1,0,0,0,0,0,0,0,0
2026-07-30T11:45:00.000+02:00,643,2321,0,0,-1677.33,1,2321,1,0,1,0,0,0,0,0,0,0,0
2026-07-30T12:00:00.000+02:00,642,2386,0,0,-1744.33,1,2386.33,1,0,1,0,0,0,0,0,0,0,0
2026-07-30T12:15:00.000+02:00,753,2404,0,0,-1650.67,1,2404,1,0,1,0,0,0,0,0,0,0,0
2026-07-30T12:30:00.000+02:00,2655,2405,0,0,250,1,2405,1,0,1,0,0,0,0,0,0,0,0
2026-07-30T12:45:00.000+02:00,2876,2432,0,0,444,1,2431.67,1,0,1,0,0,0,0,0,0,0,0
2026-07-30T13:00:00.000+02:00,3086,2420,0,0,665.67,1,2420,1,0,1,0,0,0,0,0,0,0,0
2026-07-30T13:15:00.000+02:00,2534,2414,0,0,119.33,1,2414,1,0,1,0,0,0,0,0,0,0,0
2026-07-30T13:30:00.000+02:00,658,2419,0,0,-1760.67,1,2419.33,1,0,1,0,0,0,0,0,0,0,0
2026-07-30T13:45:00.000+02:00,695,2416,0,0,-1720,1,2416,1,0,1,0,0,0,0,0,0,0,0
2026-07-30T14:00:00.000+02:00,700,2406,0,0,-1705.67,1,2405.67,1,0,1,0,0,0,0,0,0,0,0
2026-07-30T14:15:00.000+02:00,700,2401,0,0,-1700.33,1,2400.67,1,0,1,0,0,0,0,0,0,0,0
2026-07-30T14:30:00.000+02:00,680,2375,0,0,-1694,1,2375,1,0,1,0,0,0,0,0,0,0,0
2026-07-30T14:45:00.000+02:00,668,2344,0,0,-1675.33,1,2344.33,1,0,1,0,0,0,0,0,0,0,0
2026-07-30T15:00:00.000+02:00,682,2297,0,0,-1614.67,1,2297,1,0,1,0,0,0,0,0,0,0,0
2026-07-30T15:15:00.000+02:00,656,2244,0,0,-1587,1,2243.67,1,0,1,0,0,0,0,0,0,0,0
2026-07-30T15:30:00.000+02:00,630,2161,0,0,-1531.33,1,2161.33,1,0,1,0,0,0,0,0,0,0,0
2026-07-30T15:45:00.000+02:00,646,2076,0,0,-1428.67,1,2075.67,1,0,1,0,0,0,0,0,0,0,0
2026-07-30T16:00:00.000+02:00,674,1970,0,0,-1295.67,1,1970.33,1,0,1,0,0,0,0,0,0,0,0
2026-07-30T16:15:00.000+02:00,705,1891,0,0,-1185.33,1,1890.67,1,0,1,0,0,0,0,0,0,0,0
2026-07-30T16:30:00.000+02:00,688,1723,0,0,-1034,1,1723.33,1,0,1,0,0,0,0,0,0,0,0
2026-07-30T16:45:00.000+02:00,695,926,0,0,-230.67,1,925.67,1,0,1,0,0,0,0,0,0,0,0
2026-07-30T17:00:00.000+02:00,706,1375,0,0,-668.33,1,1375.33,1,0,1,0,0,0,0,0,0,0,0
2026-07-30T17:15:00.000+02:00,693,1044,0,0,-351,1,1044,1,0,1,0,0,0,0,0,0,0,0
2026-07-30T17:30:00.000+02:00,612,1283,0,0,-670.33,1,1282.67,1,0,1,0,0,0,0,0,0,0,0
2026-07-30T17:45:00.000+02:00,610,1154,0,0,-543,1,1154,1,0,1,0,0,0,0,0,0,0,0
2026-07-30T18:00:00.000+02:00,651,972,0,0,-321.33,1,972.33,1,0,1,0,0,0,0,0,0,0,0
2026-07-30T18:15:00.000+02:00,638,825,0,0,-186.33,1,825,1,0,1,0,0,0,0,0,0,0,0
2026-07-30T18:30:00.000+02:00,609,848,0,0,-238,1,847.67,1,0,1,0,0,0,0,0,0,0,0
2026-07-30T18:45:00.000+02:00,594,751,0,0,-156.33,1,751.33,1,0,1,0,0,0,0,0,0,0,0
2026-07-30T19:00:00.000+02:00,617,632,0,0,-15,1,632,1,0,1,0,0,0,0,0,0,0,0
2026-07-30T19:15:00.000+02:00,655,475,0,0,179,1,475.33,1,0,1,0,0,0,0,0,0,0,0
2026-07-30T19:30:00.000+02:00,626,377,0,0,248.33,1,377.33,1,0,1,0,0,0,0,0,0,0,0
2026-07-30T19:45:00.000+02:00,652,262,0,0,389,1,262.33,1,0,1,0,0,0,0,0,0,0,0
2026-07-30T20:00:00.000+02:00,861,169,0,0,691.67,1,168.67,1,0,1,0,0,0,0,0,0,0,0
2026-07-30T20:15:00.000+02:00,854,63,0,0,790.33,1,62.67,1,0,1,0,0,0,0,0,0,0,0
2026-07-30T20:30:00.000+02:00,773,1,0,0,772,1,1.33,1,0,1,0,0,0,0,0,0,0,0
2026-07-30T20:45:00.000+02:00,776,1,0,0,774.33,1,1,1,0,1,0,0,0,0,0,0,0,0
2026-07-30T21:00:00.000+02:00,803,0,0,0,802.33,1,0,0,0,0,0,0,0,0,0,0,0,0
2026-07-30T21:15:00.000+02:00,799,0,0,0,798.33,1,0,0,0,0,0,0,0,0,0,0,0,0
2026-07-30T21:30:00.000+02:00,795,0,0,0,794.67,1,0,0,0,0,0,0,0,0,0,0,0,0
2026-07-30T21:45:00.000+02:00,622,0,0,0,620.67,1,0,0,0,0,0,0,0,0,0,0,0,0
2026-07-30T22:00:00.000+02:00,553,0,0,0,553.33,1,0,0,0,0,0,0,0,0,0,0,0,0
2026-07-30T22:15:00.000+02:00,595,0,0,0,594.33,1,0,0,0,0,0,0,0,0,0,0,0,0
2026-07-30T22:30:00.000+02:00,562,0,0,0,561.67,1,0,0,0,0,0,0,0,0,0,0,0,0
2026-07-30T22:45:00.000+02:00,551,0,0,0,551,1,0,0,0,0,0,0,0,0,0,0,0,0
2026-07-30T23:00:00.000+02:00,577,0,0,0,577,1,0,0,0,0,0,0,0,0,0,0,0,0
2026-07-30T23:15:00.000+02:00,583,0,0,0,582.67,1,0,0,0,0,0,0,0,0,0,0,0,0
2026-07-30T23:30:00.000+02:00,544,0,0,0,543.33,1,0,0,0,0,0,0,0,0,0,0,0,0
2026-07-30T23:45:00.000+02:00,533,0,0,0,532,1,0,0,0.33,1,0,0,0,0,0,0,0,0
2026-07-31T00:00:00.000+02:00,560,0,0,0,559.67,1,0,0,5,1,0,0,0,0,0,0,0,0
2026-07-31T00:15:00.000+02:00,544,0,0,0,543.67,1,0,0,0,0,0,0,0,0,0,0,0,0
2026-07-31T00:30:00.000+02:00,522,0,0,0,521,1,0,0,0,0,0,0,0,0,0,0,0,0
2026-07-31T00:45:00.000+02:00,513,0,0,0,512.67,1,0,0,0,0,0,0,0,0,0,0,0,0
2026-07-31T01:00:00.000+02:00,600,0,0,0,599,1,0,0,0,0,0,0,0,0,0,0,0,0
2026-07-31T01:15:00.000+02:00,604,0,0,0,603.67,1,0,0,0,0,0,0,0,0,0,0,0,0
2026-07-31T01:30:00.000+02:00,583,0,0,0,583,1,0,0,0,0,0,0,0,0,0,0,0,0
2026-07-31T01:45:00.000+02:00,567,0,0,0,565.67,1,0,0,0,0,0,0,0,0,0,0,0,0
2026-07-31T02:00:00.000+02:00,560,0,0,0,559.67,1,0,0,0,0,0,0,0,0,0,0,0,0
2026-07-31T02:15:00.000+02:00,546,0,0,0,545.33,1,0,0,0,0,0,0,0,0,0,0,0,0
2026-07-31T02:30:00.000+02:00,531,0,0,0,531.33,1,0,0,0,0,0,0,0,0,0,0,0,0
2026-07-31T02:45:00.000+02:00,533,0,0,0,532.33,1,0,0,0,0,0,0,0,0,0,0,0,0
2026-07-31T03:00:00.000+02:00,548,0,0,0,548,1,0,0,0,0,0,0,0,0,0,0,0,0
2026-07-31T03:15:00.000+02:00,566,0,0,0,565.33,1,0,0,0,0,0,0,0,0,0,0,0,0
2026-07-31T03:30:00.000+02:00,561,0,0,0,560.33,1,0,0,0,0,0,0,0,0,0,0,0,0
2026-07-31T03:45:00.000+02:00,518,0,0,0,518.33,1,0,0,0,0,0,0,0,0,0,0,0,0
2026-07-31T04:00:00.000+02:00,553,0,0,0,552.67,1,0,0,0,0,0,0,0,0,0,0,0,0
2026-07-31T04:15:00.000+02:00,582,0,0,0,581.67,1,0,0,0,0,0,0,0,0,0,0,0,0
2026-07-31T04:30:00.000+02:00,598,0,0,0,598,1,0,0,0,0,0,0,0,0,0,0,0,0
2026-07-31T04:45:00.000+02:00,576,0,0,0,575.67,1,0,0,0,0,0,0,0,0,0,0,0,0
2026-07-31T05:00:00.000+02:00,559,0,0,0,558,1,0,0,0,0,0,0,0,0,0,0,0,0
2026-07-31T05:15:00.000+02:00,568,0,0,0,567.67,1,0,0,0,0,0,0,0,0,0,0,0,0
2026-07-31T05:30:00.000+02:00,557,0,0,0,556.67,1,0,0,0,0,0,0,0,0,0,0,0,0
2026-07-31T05:45:00.000+02:00,647,0,0,0,647,1,0,0,0,0,0,0,0,0,0,0,0,0
2026-07-31T06:00:00.000+02:00,705,0,0,0,704.67,1,0,0,5.67,1,0,0,0,0,0,0,0,0
2026-07-31T06:15:00.000+02:00,686,0,0,0,685.33,1,0.33,1,0,1,0,0,0,0,0,0,0,0
2026-07-31T06:30:00.000+02:00,700,1,0,0,699,1,1.33,1,0,1,0,0,0,0,0,0,0,0
2026-07-31T06:45:00.000+02:00,691,93,0,0,597.67,1,93.33,1,0,1,0,0,0,0,0,0,0,0
2026-07-31T07:00:00.000+02:00,717,203,0,0,513.67,1,202.67,1,0,1,0,0,0,0,0,0,0,0
2026-07-31T07:15:00.000+02:00,733,299,0,0,433.67,1,299.33,1,0,1,0,0,0,0,0,0,0,0
2026-07-31T07:30:00.000+02:00,788,370,0,0,418,1,369.67,1,0,1,52.33,1,0,0,0,0,0,0
2026-07-31T07:45:00.000+02:00,796,473,0,0,322.33,1,472.67,1,0,1,31.33,1,0,0,0,0,0,0
2026-07-31T08:00:00.000+02:00,749,614,0,0,134,1,614,1,0,1,27,1,0,0,0,0,0,0
2026-07-31T08:15:00.000+02:00,759,637,0,0,121.33,1,637.33,1,0,1,1.67,1,0,0,0,0,0,0
2026-07-31T08:30:00.000+02:00,762,409,0,0,352,1,409.33,1,0,1,0,0,0,0,0,0,0,0
2026-07-31T08:45:00.000+02:00,776,991,0,0,-214.67,1,991,1,0,1,0,0,0,0,0,0,0,0
2026-07-31T09:00:00.000+02:00,659,1033,0,0,-373.33,1,1033,1,0,1,0,0,0,0,0,0,0,0
2026-07-31T09:15:00.000+02:00,640,1335,0,0,-694.67,1,1335,1,0,1,0,0,0,0,0,0,0,0
2026-07-31T09:30:00.000+02:00,661,1454,0,0,-792.67,1,1454.33,1,0,1,0,0,0,0,0,0,0,0
2026-07-31T09:45:00.000+02:00,687,1501,0,0,-812.67,1,1500.67,1,0,1,0,0,0,0,0,0,0,0
2026-07-31T10:00:00.000+02:00,727,1680,0,0,-952.67,1,1680.33,1,0,1,0,0,0,0,0,0,0,0
2026-07-31T10:15:00.000+02:00,690,1754,0,0,-1064.67,1,1754.33,1,0,1,0,0,0,0,0,0,0,0
2026-07-31T10:30:00.000+02:00,702,1905,0,0,-1201.67,1,1904.67,1,0,1,0,0,0,0,0,0,0,0
2026-07-31T10:45:00.000+02:00,676,1996,0,0,-1319.67,1,1996.33,1,0,1,0,0,0,0,0,0,0,0
2026-07-31T11:00:00.000+02:00,597,2070,0,0,-1475,1,2070.33,1,0,1,0,0,0,0,0,0,0,0
2026-07-31T11:15:00.000+02:00,588,2147,0,0,-1558.67,1,2147.33,1,0,1,0,0,0,0,0,0,0,0
2026-07-31T11:30:00.000+02:00,608,1861,0,0,-1267.67,1,1861.33,1,0,1,0,0,0,0,0,0,0,0
2026-07-31T11:45:00.000+02:00,637,2370,0,0,-1731.67,1,2370,1,0,1,0,0,0,0,0,0,0,0
2026-07-31T12:00:00.000+02:00,624,2312,0,0,-1687.67,1,2311.67,1,0,1,0,0,0,0,0,0,0,0
2026-07-31T12:15:00.000+02:00,656,1723,0,0,-1070,1,1723.33,1,0,1,0,0,0,0,0,0,0,0
2026-07-31T12:30:00.000+02:00,651,1900,0,0,-1253.33,1,1900,1,0,1,0,0,0,0,0,0,0,0
2026-07-31T12:45:00.000+02:00,662,1835,0,0,-1179.33,1,1834.67,1,0,1,0,0,0,0,0,0,0,0
2026-07-31T13:00:00.000+02:00,635,1466,0,0,-831,1,1466.33,1,0,1,0,0,0,0,0,0,0,0
2026-07-31T13:15:00.000+02:00,627,2282,0,0,-1655.67,1,2282.33,1,0,1,0,0,0,0,0,0,0,0
2026-07-31T13:30:00.000+02:00,658,2505,0,0,-1846.67,1,2505,1,0,1,0,0,0,0,0,0,0,0
2026-07-31T13:45:00.000+02:00,670,2270,0,0,-1600,1,2270.33,1,0,1,0,0,0,0,0,0,0,0
2026-07-31T14:00:00.000+02:00,617,1347,0,0,-730,1,1347.33,1,0,1,0,0,0,0,0,0,0,0
2026-07-31T14:15:00.000+02:00,603,1851,0,0,-1247.67,1,1851,1,0,1,0,0,0,0,0,0,0,0
2026-07-31T14:30:00.000+02:00,607,1510,0,0,-902.33,1,1510,1,0,1,0,0,0,0,0,0,0,0
2026-07-31T14:45:00.000+02:00,630,1210,0,0,-580,1,1210.33,1,0,1,0,0,0,0,0,0,0,0
2026-07-31T15:00:00.000+02:00,634,1904,0,0,-1270.67,1,1904.33,1,0,1,0,0,0,0,0,0,0,0
2026-07-31T15:15:00.000+02:00,598,665,0,0,-67.33,1,665.33,1,0,1,0,0,0,0,0,0,0,0
2026-07-31T15:30:00.000+02:00,638,516,0,0,122,1,515.67,1,0,1,0,0,0,0,0,0,0,0
2026-07-31T15:45:00.000+02:00,680,386,0,0,294,1,386,1,0,1,0,0,0,0,0,0,0,0
2026-07-31T16:00:00.000+02:00,680,283,0,0,396.67,1,283,1,0,1,0,0,0,0,0,0,0,0
2026-07-31T16:15:00.000+02:00,646,241,0,0,403.67,1,241.33,1,0,1,0,0,0,0,0,0,0,0
2026-07-31T16:30:00.000+02:00,626,812,0,0,-186,1,812,1,0,1,0,0,0,0,0,0,0,0
2026-07-31T16:45:00.000+02:00,620,997,0,0,-376.33,1,996.67,1,0,1,0,0,0,0,0,0,0,0
2026-07-31T17:00:00.000+02:00,627,1091,0,0,-463.67,1,1091,1,0,1,0,0,0,0,0,0,0,0
2026-07-31T17:15:00.000+02:00,624,824,0,0,-198.67,1,823.67,1,0,1,0,0,0,0,0,0,0,0
2026-07-31T17:30:00.000+02:00,606,1412,0,0,-805.67,1,1412.33,1,0,1,0,0,0,0,0,0,0,0
2026-07-31T17:45:00.000+02:00,635,1341,0,0,-705,1,1340.67,1,0,1,0,0,0,0,0,0,0,0
2026-07-31T18:00:00.000+02:00,631,592,0,0,39.67,1,591.67,1,0,1,0,0,0,0,0,0,0,0
2026-07-31T18:15:00.000+02:00,622,316,0,0,305.33,1,316,1,0,1,0,0,0,0,0,0,0,0
2026-07-31T18:30:00.000+02:00,628,332,0,0,295.33,1,332,1,0,1,0,0,0,0,0,0,0,0
2026-07-31T18:45:00.000+02:00,648,432,0,0,215.33,1,431.67,1,0,1,0,0,0,0,0,0,0,0
2026-07-31T19:00:00.000+02:00,685,551,0,0,133,1,551.33,1,0,1,0,0,0,0,0,0,0,0
2026-07-31T19:15:00.000+02:00,666,366,0,0,298.67,1,366.33,1,0,1,0,0,0,0,0,0,0,0
2026-07-31T19:30:00.000+02:00,615,295,0,0,319.67,1,295,1,0,1,0,0,0,0,0,0,0,0
2026-07-31T19:45:00.000+02:00,612,206,0,0,406.33,1,205.67,1,0,1,0,0,0,0,0,0,0,0
2026-07-31T20:00:00.000+02:00,800,108,0,0,691,1,108.33,1,0,1,0,0,0,0,0,0,0,0
2026-07-31T20:15:00.000+02:00,784,1,0,0,782.67,1,1.33,1,0,1,0,0,0,0,0,0,0,0
2026-07-31T20:30:00.000+02:00,767,0,0,0,766,1,0.33,1,0,1,0,0,0,0,0,0,0,0
2026-07-31T20:45:00.000+02:00,805,0,0,0,804.33,1,0,0,0,1,0,0,0,0,0,0,0,0
2026-07-31T21:00:00.000+02:00,831,0,0,0,830.67,1,0,0,0,0,0,0,0,0,0,0,0,0
2026-07-31T21:15:00.000+02:00,848,0,0,0,847.67,1,0,0,0,0,0,0,0,0,0,0,0,0
2026-07-31T21:30:00.000+02:00,830,0,0,0,829,1,0,0,0,0,0,0,0,0,0,0,0,0
2026-07-31T21:45:00.000+02:00,621,0,0,0,620.67,1,0,0,0,0,0,0,0,0,0,0,0,0
2026-07-31T22:00:00.000+02:00,590,0,0,0,589.67,1,0,0,0,0,0,0,0,0,0,0,0,0
2026-07-31T22:15:00.000+02:00,582,0,0,0,581.33,1,0,0,0,0,0,0,0,0,0,0,0,0
2026-07-31T22:30:00.000+02:00,558,0,0,0,558.33,1,0,0,0,0,0,0,0,0,0,0,0,0
2026-07-31T22:45:00.000+02:00,534,0,0,0,534,1,0,0,0,0,0,0,0,0,0,0,0,0
2026-07-31T23:00:00.000+02:00,562,0,0,0,561.67,1,0,0,0,0,0,0,0,0,0,0,0,0
2026-07-31T23:15:00.000+02:00,566,0,0,0,566,1,0,0,0,0,0,0,0,0,0,0,0,0
2026-07-31T23:30:00.000+02:00,537,0,0,0,537,1,0,0,0,0,0,0,0,0,0,0,0,0
2026-07-31T23:45:00.000+02:00,513,0,0,0,512.33,1,0,0,0.33,1,0,0,0,0,0,0,0,0
2026-08-01T00:00:00.000+02:00,541,0,0,0,541,1,0,0,5,1,0,0,0,0,0,0,0,0
2026-08-01T00:15:00.000+02:00,599,0,0,0,599,1,0,0,0,0,0,0,0,0,0,0,0,0
2026-08-01T00:30:00.000+02:00,595,0,0,0,594.33,1,0,0,0,0,0,0,0,0,0,0,0,0
2026-08-01T00:45:00.000+02:00,571,0,0,0,570.33,1,0,0,0,0,0,0,0,0,0,0,0,0
2026-08-01T01:00:00.000+02:00,582,0,0,0,582,1,0,0,0,0,0,0,0,0,0,0,0,0
2026-08-01T01:15:00.000+02:00,560,0,0,0,559.33,1,0,0,0,0,0,0,0,0,0,0,0,0
2026-08-01T01:30:00.000+02:00,543,0,0,0,543,1,0,0,0,0,0,0,0,0,0,0,0,0
2026-08-01T01:45:00.000+02:00,515,0,0,0,514.67,1,0,0,0,0,0,0,0,0,0,0,0,0
2026-08-01T02:00:00.000+02:00,521,0,0,0,520.67,1,0,0,0,0,0,0,0,0,0,0,0,0
2026-08-01T02:15:00.000+02:00,564,0,0,0,563.33,1,0,0,0,0,0,0,0,0,0,0,0,0
2026-08-01T02:30:00.000+02:00,563,0,0,0,562.33,1,0,0,0,0,0,0,0,0,0,0,0,0
2026-08-01T02:45:00.000+02:00,546,0,0,0,545,1,0,0,0,0,0,0,0,0,0,0,0,0
2026-08-01T03:00:00.000+02:00,569,0,0,0,568.67,1,0,0,0,0,0,0,0,0,0,0,0,0
2026-08-01T03:15:00.000+02:00,593,0,0,0,592.67,1,0,0,0,0,0,0,0,0,0,0,0,0
2026-08-01T03:30:00.000+02:00,585,0,0,0,584.33,1,0,0,0,0,0,0,0,0,0,0,0,0
2026-08-01T03:45:00.000+02:00,565,0,0,0,564.67,1,0,0,0,0,0,0,0,0,0,0,0,0
2026-08-01T04:00:00.000+02:00,560,0,0,0,559.67,1,0,0,0,0,0,0,0,0,0,0,0,0
2026-08-01T04:15:00.000+02:00,552,0,0,0,551,1,0,0,0,0,0,0,0,0,0,0,0,0
2026-08-01T04:30:00.000+02:00,561,0,0,0,560.67,1,0,0,0,0,0,0,0,0,0,0,0,0
2026-08-01T04:45:00.000+02:00,546,0,0,0,546.33,1,0,0,0,0,0,0,0,0,0,0,0,0
2026-08-01T05:00:00.000+02:00,513,0,0,0,513,1,0,0,0,0,0,0,0,0,0,0,0,0
2026-08-01T05:15:00.000+02:00,525,0,0,0,525,1,0,0,0,0,0,0,0,0,0,0,0,0
2026-08-01T05:30:00.000+02:00,1426,0,0,0,1425.67,1,0,0,0,0,881,1,0,0,0,0,0,0
2026-08-01T05:45:00.000+02:00,1585,0,0,0,1584.33,1,0,0,0,0,896,1,0,0,0,0,0,0
2026-08-01T06:00:00.000+02:00,1656,0,0,0,1655.67,1,0,0,5.67,1,911.67,1,0,0,0,0,0,0
2026-08-01T06:15:00.000+02:00,1638,0,0,0,1637.33,1,0.33,1,0,1,921,1,0,0,0,0,0,0
2026-08-01T06:30:00.000+02:00,1662,0,0,0,1661,1,0.33,1,0,1,923.33,1,0,0,0,0,0,0
2026-08-01T06:45:00.000+02:00,1582,3,0,0,1578.33,1,3,1,0,1,871.67,1,0,0,0,0,0,0
2026-08-01T07:00:00.000+02:00,1573,48,0,0,1524.67,1,47.67,1,0,1,922.33,1,0,0,0,0,0,0
2026-08-01T07:15:00.000+02:00,1590,226,0,0,1363.33,1,226.33,1,0,1,923,1,0,0,0,0,0,0
2026-08-01T07:30:00.000+02:00,762,48,0,0,713.67,1,48.33,1,0,1,96.67,1,0,0,0,0,0,0
2026-08-01T07:45:00.000+02:00,755,311,0,0,444,1,311,1,0,1,63.67,1,0,0,0,0,0,0
2026-08-01T08:00:00.000+02:00,731,184,0,0,546.67,1,184.33,1,0,1,71,1,0,0,0,0,0,0
2026-08-01T08:15:00.000+02:00,688,362,0,0,325.67,1,361.67,1,0,1,0,0,0,0,0,0,0,0
2026-08-01T08:30:00.000+02:00,700,589,0,0,111,1,588.67,1,0,1,0,0,0,0,0,0,0,0
2026-08-01T08:45:00.000+02:00,731,1002,0,0,-270,1,1001.67,1,0,1,0,0,0,0,0,0,0,0
2026-08-01T09:00:00.000+02:00,632,1263,0,0,-630.33,1,1262.67,1,0,1,0,0,0,0,0,0,0,0
2026-08-01T09:15:00.000+02:00,638,1170,0,0,-531.33,1,1170,1,0,1,0,0,0,0,0,0,0,0
2026-08-01T09:30:00.000+02:00,677,1329,0,0,-651.67,1,1329,1,0,1,0,0,0,0,0,0,0,0
2026-08-01T09:45:00.000+02:00,639,1428,0,0,-788,1,1428.33,1,0,1,0,0,0,0,0,0,0,0
2026-08-01T10:00:00.000+02:00,637,1054,0,0,-416.67,1,1054.33,1,0,1,0,0,0,0,0,0,0,0
2026-08-01T10:15:00.000+02:00,622,1236,0,0,-614,1,1236.33,1,0,1,0,0,0,0,0,0,0,0
2026-08-01T10:30:00.000+02:00,661,1579,0,0,-917.67,1,1579.33,1,0,1,0,0,0,0,0,0,0,0
2026-08-01T10:45:00.000+02:00,617,1492,0,0,-874.33,1,1492.33,1,0,1,0,0,0,0,0,0,0,0
2026-08-01T11:00:00.000+02:00,630,2240,0,0,-1609.33,1,2240,1,0,1,0,0,0,0,0,0,0,0
2026-08-01T11:15:00.000+02:00,650,2115,0,0,-1466.33,1,2115.33,1,0,1,0,0,0,0,0,0,0,0
2026-08-01T11:30:00.000+02:00,714,2072,0,0,-1357,1,2072,1,0,1,0,0,0,0,0,0,0,0
2026-08-01T11:45:00.000+02:00,713,2430,0,0,-1716.67,1,2429.67,1,0,1,0,0,0,0,0,0,0,0
2026-08-01T12:00:00.000+02:00,684,2475,0,0,-1791.33,1,2475.33,1,0,1,0,0,0,0,0,0,0,0
2026-08-01T12:15:00.000+02:00,667,2567,0,0,-1899.33,1,2566.67,1,0,1,0,0,0,0,0,0,0,0
2026-08-01T12:30:00.000+02:00,683,2681,0,0,-1998.33,1,2681.33,1,0,1,0,0,0,0,0,0,0,0
2026-08-01T12:45:00.000+02:00,634,2825,0,0,-2190.33,1,2824.67,1,0,1,0,0,0,0,0,0,0,0
2026-08-01T13:00:00.000+02:00,625,2590,0,0,-1964.67,1,2590,1,0,1,0,0,0,0,0,0,0,0
2026-08-01T13:15:00.000+02:00,619,2616,0,0,-1997,1,2616,1,0,1,0,0,0,0,0,0,0,0
2026-08-01T13:30:00.000+02:00,648,2494,0,0,-1845.67,1,2494,1,0,1,0,0,0,0,0,0,0,0
2026-08-01T13:45:00.000+02:00,647,2256,0,0,-1610.33,1,2256.33,1,0,1,0,0,0,0,0,0,0,0
2026-08-01T14:00:00.000+02:00,583,1302,0,0,-718,1,1301.67,1,0,1,0,0,0,0,0,0,0,0
2026-08-01T14:15:00.000+02:00,585,1567,0,0,-981.33,1,1567.33,1,0,1,0,0,0,0,0,0,0,0
2026-08-01T14:30:00.000+02:00,656,2148,0,0,-1491.67,1,2148,1,0,1,0,0,0,0,0,0,0,0
2026-08-01T14:45:00.000+02:00,666,1320,0,0,-656.67,1,1320,1,0,1,0,0,0,0,0,0,0,0
2026-08-01T15:00:00.000+02:00,641,1567,0,0,-925.67,1,1567.33,1,0,1,0,0,0,0,0,0,0,0
2026-08-01T15:15:00.000+02:00,645,2503,0,0,-1857.33,1,2502.67,1,0,1,0,0,0,0,0,0,0,0
2026-08-01T15:30:00.000+02:00,675,2207,0,0,-1531.67,1,2207,1,0,1,0,0,0,0,0,0,0,0
2026-08-01T15:45:00.000+02:00,623,1638,0,0,-1013.67,1,1637.67,1,0,1,0,0,0,0,0,0,0,0
2026-08-01T16:00:00.000+02:00,593,1198,0,0,-605,1,1198.33,1,0,1,0,0,0,0,0,0,0,0
2026-08-01T16:15:00.000+02:00,593,1826,0,0,-1231.33,1,1825.67,1,0,1,0,0,0,0,0,0,0,0
2026-08-01T16:30:00.000+02:00,614,2113,0,0,-1498,1,2113.33,1,0,1,0,0,0,0,0,0,0,0
2026-08-01T16:45:00.000+02:00,657,959,0,0,-302,1,958.67,1,0,1,0,0,0,0,0,0,0,0
2026-08-01T17:00:00.000+02:00,621,1595,0,0,-974,1,1595.33,1,0,1,0,0,0,0,0,0,0,0
2026-08-01T17:15:00.000+02:00,627,1743,0,0,-1116,1,1743.33,1,0,1,0,0,0,0,0,0,0,0
2026-08-01T17:30:00.000+02:00,673,1494,0,0,-820,1,1494,1,0,1,0,0,0,0,0,0,0,0
2026-08-01T17:45:00.000+02:00,660,1647,0,0,-986.67,1,1647,1,0,1,0,0,0,0,0,0,0,0
2026-08-01T18:00:00.000+02:00,635,974,0,0,-339.67,1,974,1,0,1,0,0,0,0,0,0,0,0
2026-08-01T18:15:00.000+02:00,622,619,0,0,3,1,619,1,0,1,0,0,0,0,0,0,0,0
2026-08-01T18:30:00.000+02:00,638,516,0,0,121.67,1,516,1,0,1,0,0,0,0,0,0,0,0
2026-08-01T18:45:00.000+02:00,637,385,0,0,251.67,1,384.67,1,0,1,0,0,0,0,0,0,0,0
2026-08-01T19:00:00.000+02:00,614,316,0,0,297.33,1,316,1,0,1,0,0,0,0,0,0,0,0
2026-08-01T19:15:00.000+02:00,601,300,0,0,300.33,1,300.33,1,0,1,0,0,0,0,0,0,0,0
2026-08-01T19:30:00.000+02:00,613,302,0,0,310,1,302,1,0,1,0,0,0,0,0,0,0,0
2026-08-01T19:45:00.000+02:00,618,144,0,0,473.67,1,144,1,0,1,0,0,0,0,0,0,0,0
2026-08-01T20:00:00.000+02:00,800,108,0,0,692.33,1,107.67,1,0,1,0,0,0,0,0,0,0,0
2026-08-01T20:15:00.000+02:00,823,30,0,0,792,1,30,1,0,1,0,0,0,0,0,0,0,0
2026-08-01T20:30:00.000+02:00,845,1,0,0,844.33,1,0.67,1,0,1,0,0,0,0,0,0,0,0
2026-08-01T20:45:00.000+02:00,866,0,0,0,866,1,0,0,0,1,0,0,0,0,0,0,0,0
2026-08-01T21:00:00.000+02:00,847,0,0,0,845.67,1,0,0,0,0,0,0,0,0,0,0,0,0
2026-08-01T21:15:00.000+02:00,784,0,0,0,783.33,1,0,0,0,0,0,0,0,0,0,0,0,0
2026-08-01T21:30:00.000+02:00,782,0,0,0,782,1,0,0,0,0,0,0,0,0,0,0,0,0
2026-08-01T21:45:00.000+02:00,597,0,0,0,596.67,1,0,0,0,0,0,0,0,0,0,0,0,0
2026-08-01T22:00:00.000+02:00,542,0,0,0,542,1,0,0,0,0,0,0,0,0,0,0,0,0
2026-08-01T22:15:00.000+02:00,532,0,0,0,532,1,0,0,0,0,0,0,0,0,0,0,0,0
2026-08-01T22:30:00.000+02:00,552,0,0,0,552,1,0,0,0,0,0,0,0,0,0,0,0,0
2026-08-01T22:45:00.000+02:00,564,0,0,0,563.33,1,0,0,0,0,0,0,0,0,0,0,0,0
2026-08-01T23:00:00.000+02:00,567,0,0,0,565.67,1,0,0,0,0,0,0,0,0,0,0,0,0
2026-08-01T23:15:00.000+02:00,558,0,0,0,557.33,1,0,0,0,0,0,0,0,0,0,0,0,0
2026-08-01T23:30:00.000+02:00,573,0,0,0,572.67,1,0,0,0,0,0,0,0,0,0,0,0,0
2026-08-01T23:45:00.000+02:00,594,0,0,0,593.67,1,0,0,0.33,1,0,0,0,0,0,0,0,0
2026-08-02T00:00:00.000+02:00,599,0,0,0,599,1,0,0,5,1,0,0,0,0,0,0,0,0
2026-08-02T00:15:00.000+02:00,536,0,0,0,535,1,0,0,0,0,0,0,0,0,0,0,0,0
2026-08-02T00:30:00.000+02:00,537,0,0,0,537.33,1,0,0,0,0,0,0,0,0,0,0,0,0
2026-08-02T00:45:00.000+02:00,558,0,0,0,558,1,0,0,0,0,0,0,0,0,0,0,0,0
2026-08-02T01:00:00.000+02:00,545,0,0,0,544,1,0,0,0,0,0,0,0,0,0,0,0,0
2026-08-02T01:15:00.000+02:00,522,0,0,0,521.33,1,0,0,0,0,0,0,0,0,0,0,0,0
2026-08-02T01:30:00.000+02:00,509,0,0,0,508.67,1,0,0,0,0,0,0,0,0,0,0,0,0
2026-08-02T01:45:00.000+02:00,557,0,0,0,556.67,1,0,0,0,0,0,0,0,0,0,0,0,0
2026-08-02T02:00:00.000+02:00,600,0,0,0,598.67,1,0,0,0,0,0,0,0,0,0,0,0,0
2026-08-02T02:15:00.000+02:00,589,0,0,0,588.67,1,0,0,0,0,0,0,0,0,0,0,0,0
2026-08-02T02:30:00.000+02:00,563,0,0,0,562.33,1,0,0,0,0,0,0,0,0,0,0,0,0
2026-08-02T02:45:00.000+02:00,560,0,0,0,559.33,1,0,0,0,0,0,0,0,0,0,0,0,0
2026-08-02T03:00:00.000+02:00,555,0,0,0,554.33,1,0,0,0,0,0,0,0,0,0,0,0,0
2026-08-02T03:15:00.000+02:00,541,0,0,0,540.33,1,0,0,0,0,0,0,0,0,0,0,0,0
2026-08-02T03:30:00.000+02:00,531,0,0,0,531,1,0,0,0,0,0,0,0,0,0,0,0,0
2026-08-02T03:45:00.000+02:00,533,0,0,0,532.33,1,0,0,0,0,0,0,0,0,0,0,0,0
2026-08-02T04:00:00.000+02:00,561,0,0,0,560,1,0,0,0,0,0,0,0,0,0,0,0,0
2026-08-02T04:15:00.000+02:00,561,0,0,0,560.33,1,0,0,0,0,0,0,0,0,0,0,0,0
2026-08-02T04:30:00.000+02:00,520,0,0,0,520,1,0,0,0,0,0,0,0,0,0,0,0,0
2026-08-02T04:45:00.000+02:00,547,0,0,0,546,1,0,0,0,0,0,0,0,0,0,0,0,0
2026-08-02T05:00:00.000+02:00,580,0,0,0,579.33,1,0,0,0,0,0,0,0,0,0,0,0,0
2026-08-02T05:15:00.000+02:00,590,0,0,0,589,1,0,0,0,0,0,0,0,0,0,0,0,0
2026-08-02T05:30:00.000+02:00,589,0,0,0,588,1,0,0,0,0,0,0,0,0,0,0,0,0
2026-08-02T05:45:00.000+02:00,676,0,0,0,675.33,1,0,0,0,0,0,0,0,0,0,0,0,0
2026-08-02T06:00:00.000+02:00,726,0,0,0,725.67,1,0,0,5.67,1,0,0,0,0,0,0,0,0
2026-08-02T06:15:00.000+02:00,694,0,0,0,693.33,1,0.33,1,0,1,0,0,0,0,0,0,0,0
2026-08-02T06:30:00.000+02:00,669,20,0,0,649.67,1,19.67,1,0,1,0,0,0,0,0,0,0,0
2026-08-02T06:45:00.000+02:00,655,126,0,0,528,1,126.33,1,0,1,0,0,0,0,0,0,0,0
2026-08-02T07:00:00.000+02:00,663,199,0,0,463,1,199.33,1,0,1,0,0,0,0,0,0,0,0
2026-08-02T07:15:00.000+02:00,710,238,0,0,471.33,1,237.67,1,0,1,0,0,0,0,0,0,0,0
2026-08-02T07:30:00.000+02:00,773,245,0,0,527.33,1,245.33,1,0,1,47.33,1,0,0,0,0,0,0
2026-08-02T07:45:00.000+02:00,773,249,0,0,523.33,1,248.67,1,0,1,22.67,1,0,0,0,0,0,0
2026-08-02T08:00:00.000+02:00,799,322,0,0,476,1,321.67,1,0,1,47,1,0,0,0,0,0,0
2026-08-02T08:15:00.000+02:00,785,391,0,0,393.67,1,391.33,1,0,1,0,0,0,0,0,0,0,0
2026-08-02T08:30:00.000+02:00,781,454,0,0,325.33,1,454.33,1,0,1,0,0,0,0,0,0,0,0
2026-08-02T08:45:00.000+02:00,721,470,0,0,251,1,469.67,1,0,1,0,0,0,0,0,0,0,0
2026-08-02T09:00:00.000+02:00,603,501,0,0,101.33,1,501,1,0,0,0,0,0,0,0,0,0,0
2026-08-02T09:15:00.000+02:00,630,627,0,0,3,1,627.33,1,0,0,0,0,0,0,0,0,0,0
2026-08-02T09:30:00.000+02:00,637,805,0,0,-168.67,1,805.33,1,5.67,1,0,0,0,0,0,0,0,0
2026-08-02T09:45:00.000+02:00,607,878,0,0,-269.67,1,877.67,1,0,1,0,0,0,0,0,0,0,0
2026-08-02T10:00:00.000+02:00,631,1058,0,0,-426.67,1,1058.33,1,0,1,0,0,0,0,0,0,0,0
2026-08-02T10:15:00.000+02:00,634,1517,0,0,-883,1,1517.33,1,0,1,0,0,0,0,0,0,0,0
2026-08-02T10:30:00.000+02:00,689,1633,0,0,-943.67,1,1633,1,0,1,0,0,0,0,0,0,0,0
2026-08-02T10:45:00.000+02:00,674,1465,0,0,-792,1,1465.33,1,0,1,0,0,0,0,0,0,0,0
2026-08-02T11:00:00.000+02:00,681,2340,0,0,-1658.67,1,2339.67,1,0,1,0,0,0,0,0,0,0,0
2026-08-02T11:15:00.000+02:00,713,2365,0,0,-1651.67,1,2365,1,0,1,0,0,0,0,0,0,0,0
2026-08-02T11:30:00.000+02:00,718,2415,0,0,-1696.67,1,2415,1,0,1,0,0,0,0,0,0,0,0
2026-08-02T11:45:00.000+02:00,666,2447,0,0,-1779.67,1,2447,1,0,1,0,0,0,0,0,0,0,0
2026-08-02T12:00:00.000+02:00,628,2475,0,0,-1845.67,1,2474.67,1,0,1,0,0,0,0,0,0,0,0
2026-08-02T12:15:00.000+02:00,634,2536,0,0,-1901.33,1,2536,1,0,1,0,0,0,0,0,0,0,0
2026-08-02T12:30:00.000+02:00,643,2577,0,0,-1933.33,1,2577,1,0,1,0,0,0,0,0,0,0,0
2026-08-02T12:45:00.000+02:00,642,2602,0,0,-1959.33,1,2601.67,1,0,1,0,0,0,0,0,0,0,0
2026-08-02T13:00:00.000+02:00,623,2581,0,0,-1958.33,1,2581,1,0,1,0,0,0,0,0,0,0,0
2026-08-02T13:15:00.000+02:00,653,2612,0,0,-1959,1,2612,1,0,1,0,0,0,0,0,0,0,0
2026-08-02T13:30:00.000+02:00,683,2621,0,0,-1936.67,1,2620.67,1,0,1,0,0,0,0,0,0,0,0
2026-08-02T13:45:00.000+02:00,655,2618,0,0,-1963,1,2617.67,1,0,1,0,0,0,0,0,0,0,0
2026-08-02T14:00:00.000+02:00,626,2608,0,0,-1981.33,1,2608,1,0,1,0,0,0,0,0,0,0,0
2026-08-02T14:15:00.000+02:00,638,2584,0,0,-1946,1,2584.33,1,0,1,0,0,0,0,0,0,0,0
2026-08-02T14:30:00.000+02:00,637,2543,0,0,-1905.67,1,2543,1,0,1,0,0,0,0,0,0,0,0
2026-08-02T14:45:00.000+02:00,642,2530,0,0,-1887,1,2529.67,1,0,1,0,0,0,0,0,0,0,0
2026-08-02T15:00:00.000+02:00,609,2466,0,0,-1856,1,2466,1,0,1,0,0,0,0,0,0,0,0
2026-08-02T15:15:00.000+02:00,609,2393,0,0,-1784,1,2393,1,0,1,0,0,0,0,0,0,0,0
2026-08-02T15:30:00.000+02:00,626,2334,0,0,-1707,1,2334,1,0,1,0,0,0,0,0,0,0,0
2026-08-02T15:45:00.000+02:00,622,2272,0,0,-1650.33,1,2272.33,1,0,1,0,0,0,0,0,0,0,0
2026-08-02T16:00:00.000+02:00,595,2173,0,0,-1577.67,1,2173,1,0,1,0,0,0,0,0,0,0,0
2026-08-02T16:15:00.000+02:00,634,2072,0,0,-1437.67,1,2072.33,1,0,1,0,0,0,0,0,0,0,0
2026-08-02T16:30:00.000+02:00,681,1968,0,0,-1286.67,1,1968,1,0,1,0,0,0,0,0,0,0,0
2026-08-02T16:45:00.000+02:00,680,1866,0,0,-1185.67,1,1866.33,1,0,1,0,0,0,0,0,0,0,0
2026-08-02T17:00:00.000+02:00,665,1751,0,0,-1084.33,1,1750.67,1,0,1,0,0,0,0,0,0,0,0
2026-08-02T17:15:00.000+02:00,636,1632,0,0,-994.67,1,1632,1,0,1,0,0,0,0,0,0,0,0
2026-08-02T17:30:00.000+02:00,606,1507,0,0,-900.67,1,1507.33,1,0,1,0,0,0,0,0,0,0,0
2026-08-02T17:45:00.000+02:00,622,1376,0,0,-753.33,1,1375.67,1,0,1,0,0,0,0,0,0,0,0
2026-08-02T18:00:00.000+02:00,619,1236,0,0,-616.67,1,1236.33,1,0,1,0,0,0,0,0,0,0,0
2026-08-02T18:15:00.000+02:00,611,1094,0,0,-482,1,1094,1,0,1,0,0,0,0,0,0,0,0
2026-08-02T18:30:00.000+02:00,607,938,0,0,-330,1,937.67,1,0,1,0,0,0,0,0,0,0,0
2026-08-02T18:45:00.000+02:00,637,802,0,0,-165.33,1,802.33,1,0,1,0,0,0,0,0,0,0,0
2026-08-02T19:00:00.000+02:00,635,663,0,0,-27,1,662.67,1,0,1,0,0,0,0,0,0,0,0
2026-08-02T19:15:00.000+02:00,636,546,0,0,89,1,546,1,0,1,0,0,0,0,0,0,0,0
2026-08-02T19:30:00.000+02:00,625,418,0,0,206.67,1,417.67,1,0,1,0,0,0,0,0,0,0,0
2026-08-02T19:45:00.000+02:00,648,302,0,0,345.67,1,302.33,1,0,1,0,0,0,0,0,0,0,0
2026-08-02T20:00:00.000+02:00,868,185,0,0,682.67,1,185,1,0,1,0,0,0,0,0,0,0,0
2026-08-02T20:15:00.000+02:00,829,58,0,0,771,1,57.67,1,0,1,0,0,0,0,0,0,0,0
2026-08-02T20:30:00.000+02:00,795,1,0,0,793,1,1.33,1,0,1,0,0,0,0,0,0,0,0
2026-08-02T20:45:00.000+02:00,861,0,0,0,860.33,1,0.33,1,0,1,9.33,1,0,0,0,0,0,0
2026-08-02T21:00:00.000+02:00,905,0,0,0,903.67,1,0,0,0,0,43.33,1,0,0,0,0,0,0
2026-08-02T21:15:00.000+02:00,1058,0,0,0,1057.67,1,0,0,0,0,103,1,0,0,0,0,0,0
2026-08-02T21:30:00.000+02:00,908,0,0,0,907.33,1,0,0,0,0,107.67,1,0,0,0,0,0,0
2026-08-02T21:45:00.000+02:00,966,0,0,0,966,1,0,0,0,0,24.33,1,0,0,0,0,0,0
2026-08-02T22:00:00.000+02:00,1953,0,0,0,1953,1,0,0,0,0,0,0,0,0,0,0,0,0
2026-08-02T22:15:00.000+02:00,2771,0,0,0,2770.33,1,0,0,0,0,0,0,0,0,0,0,0,0
2026-08-02T22:30:00.000+02:00,718,0,0,0,717.67,1,0,0,0,0,0,0,0,0,0,0,0,0
2026-08-02T22:45:00.000+02:00,708,0,0,0,708,1,0,0,0,0,0,0,0,0,0,0,0,0
2026-08-02T23:00:00.000+02:00,640,0,0,0,639.67,1,0,0,0,0,0,0,0,0,0,0,0,0
2026-08-02T23:15:00.000+02:00,1929,0,0,0,1928.33,1,0,0,0,0,0,0,0,0,0,0,0,0
2026-08-02T23:30:00.000+02:00,1053,0,0,0,1052,1,0,0,0,0,0,0,0,0,0,0,0,0
2026-08-02T23:45:00.000+02:00,573,0,0,0,572.33,1,0,0,0.33,1,0,0,0,0,0,0,0,0
2026-08-03T00:00:00.000+02:00,617,0,0,0,617.33,1,0,0,5,1,0,0,0,0,0,0,0,0
2026-08-03T00:15:00.000+02:00,588,0,0,0,587.67,1,0,0,0,0,0,0,0,0,0,0,0,0
2026-08-03T00:30:00.000+02:00,596,0,0,0,596,1,0,0,0,0,0,0,0,0,0,0,0,0
2026-08-03T00:45:00.000+02:00,578,0,0,0,577.67,1,0,0,0,0,0,0,0,0,0,0,0,0
2026-08-03T01:00:00.000+02:00,619,0,0,0,618.33,1,0,0,0,0,0,0,0,0,0,0,0,0
2026-08-03T01:15:00.000+02:00,610,0,0,0,610,1,0,0,0,0,0,0,0,0,0,0,0,0
2026-08-03T01:30:00.000+02:00,558,0,0,0,557.33,1,0,0,0,0,0,0,0,0,0,0,0,0
2026-08-03T01:45:00.000+02:00,545,0,0,0,544.67,1,0,0,0,0,0,0,0,0,0,0,0,0
2026-08-03T02:00:00.000+02:00,557,0,0,0,556.33,1,0,0,0,0,0,0,0,0,0,0,0,0
2026-08-03T02:15:00.000+02:00,554,0,0,0,553.33,1,0,0,0,0,0,0,0,0,0,0,0,0
2026-08-03T02:30:00.000+02:00,599,0,0,0,598.33,1,0,0,0,0,0,0,0,0,0,0,0,0
2026-08-03T02:45:00.000+02:00,701,0,0,0,700.67,1,0,0,0,0,0,0,0,0,0,0,0,0
2026-08-03T03:00:00.000+02:00,604,0,0,0,603.67,1,0,0,0,0,0,0,0,0,0,0,0,0
2026-08-03T03:15:00.000+02:00,650,0,0,0,649,1,0,0,0,0,0,0,0,0,0,0,0,0
2026-08-03T03:30:00.000+02:00,641,0,0,0,640.33,1,0,0,0,0,0,0,0,0,0,0,0,0
2026-08-03T03:45:00.000+02:00,627,0,0,0,626.33,1,0,0,0,0,0,0,0,0,0,0,0,0
2026-08-03T04:00:00.000+02:00,542,0,0,0,541.33,1,0,0,0,0,0,0,0,0,0,0,0,0
2026-08-03T04:15:00.000+02:00,520,0,0,0,519.67,1,0,0,0,0,0,0,0,0,0,0,0,0
2026-08-03T04:30:00.000+02:00,538,0,0,0,538,1,0,0,0,0,0,0,0,0,0,0,0,0
2026-08-03T04:45:00.000+02:00,575,0,0,0,574.33,1,0,0,0,0,0,0,0,0,0,0,0,0
2026-08-03T05:00:00.000+02:00,572,0,0,0,572,1,0,0,0,0,0,0,0,0,0,0,0,0
2026-08-03T05:15:00.000+02:00,642,0,0,0,642,1,0,0,0,0,0,0,0,0,0,0,0,0
2026-08-03T05:30:00.000+02:00,755,0,0,0,754.33,1,0,0,0,0,0,0,0,0,0,0,0,0
2026-08-03T05:45:00.000+02:00,2237,0,0,0,2236.33,1,0,0,0,0,0,0,0,0,0,0,0,0
2026-08-03T06:00:00.000+02:00,1005,0,0,0,1004.67,1,0,0,5.67,1,0,0,0,0,0,0,0,0
2026-08-03T06:15:00.000+02:00,2192,0,0,0,2191.67,1,0.33,1,0,1,0,0,0,0,0,0,0,0
2026-08-03T06:30:00.000+02:00,2905,0,0,0,2903.33,1,0.33,1,0,1,0,0,0,0,0,0,0,0
2026-08-03T06:45:00.000+02:00,1952,25,0,0,1926.33,1,25.33,1,0,1,0,0,0,0,0,0,0,0
2026-08-03T07:00:00.000+02:00,1730,181,0,0,1549,1,181,1,0,1,0,0,0,0,0,0,0,0
2026-08-03T07:15:00.000+02:00,2551,244,0,0,2306.33,1,244,1,0,1,0,0,0,0,0,0,0,0
2026-08-03T07:30:00.000+02:00,938,271,0,0,666.67,1,271,1,0,1,0,0,0,0,0,0,0,0
2026-08-03T07:45:00.000+02:00,868,258,0,0,609.67,1,257.67,1,0,1,0,0,0,0,0,0,0,0
2026-08-03T08:00:00.000+02:00,927,452,0,0,474,1,452,1,0,1,0,0,0,0,0,0,0,0
2026-08-03T08:15:00.000+02:00,750,890,0,0,-139.67,1,890,1,0,1,0,0,0,0,0,0,0,0
2026-08-03T08:30:00.000+02:00,776,1134,0,0,-357.67,1,1134,1,0,1,0,0,0,0,0,0,0,0
2026-08-03T08:45:00.000+02:00,3519,1264,0,0,2253.33,1,1264.33,1,0,1,0,0,0,0,0,0,0,0
2026-08-03T09:00:00.000+02:00,2607,1195,0,0,1411.67,1,1194.67,1,5.33,1,0,0,0,0,0,0,0,0
2026-08-03T09:15:00.000+02:00,825,1357,0,0,-531.67,1,1357,1,0.33,1,0,0,0,0,0,0,0,0
2026-08-03T09:30:00.000+02:00,776,1311,0,0,-535,1,1311.33,1,0,1,0,0,0,0,0,0,0,0
2026-08-03T09:45:00.000+02:00,1283,1633,0,0,-350.67,1,1633.33,1,0,1,0,0,0,0,0,0,0,0
2026-08-03T10:00:00.000+02:00,3025,1733,0,0,1292,1,1732.67,1,0,0,0,0,0,0,0,0,0,0
2026-08-03T10:15:00.000+02:00,4430,1833,0,0,2596.67,1,1832.67,1,0,0,0,0,0,0,0,0,0,0
2026-08-03T10:30:00.000+02:00,2015,1928,0,0,87.67,1,1928,1,5.67,1,0,0,0,0,0,0,0,0
2026-08-03T10:45:00.000+02:00,1518,2018,0,0,-499.67,1,2017.67,1,0,1,0,0,0,0,0,0,0,0
2026-08-03T11:00:00.000+02:00,1477,2105,0,0,-627.33,1,2104.67,1,0,1,0,0,0,0,0,0,0,0
2026-08-03T11:15:00.000+02:00,1479,2196,0,0,-716.67,1,2196.33,1,0,1,0,0,0,0,0,0,0,0
2026-08-03T11:30:00.000+02:00,1108,2106,0,0,-997.33,1,2105.67,1,0,1,0,0,0,0,0,0,0,0
2026-08-03T11:45:00.000+02:00,1284,2190,0,0,-906.33,1,2190,1,0,1,0,0,0,0,0,0,0,0
2026-08-03T12:00:00.000+02:00,1355,2337,0,0,-981.67,1,2337.33,1,0,1,0,0,0,0,0,0,0,0
2026-08-03T12:15:00.000+02:00,1361,2377,0,0,-1015.67,1,2376.67,1,0,1,0,0,0,0,0,0,0,0
2026-08-03T12:30:00.000+02:00,1295,2405,0,0,-1109.67,1,2405,1,0,1,0,0,0,0,0,0,0,0
2026-08-03T12:45:00.000+02:00,1297,2415,0,0,-1118,1,2415.33,1,0,1,0,0,0,0,0,0,0,0
2026-08-03T13:00:00.000+02:00,957,2384,0,0,-1426.33,1,2384.33,1,0,1,0,0,0,0,0,0,0,0
2026-08-03T13:15:00.000+02:00,753,2476,0,0,-1722.67,1,2476.33,1,0,1,0,0,0,0,0,0,0,0
2026-08-03T13:30:00.000+02:00,690,2459,0,0,-1768.33,1,2458.33,1,0,1,0,0,0,0,0,0,0,0
2026-08-03T13:45:00.000+02:00,2255,2522,0,0,-267,1,2522,1,0,1,0,0,0,0,0,0,0,0
2026-08-03T14:00:00.000+02:00,3356,2538,0,0,817.67,1,2537.67,1,0,1,0,0,0,0,0,0,0,0
2026-08-03T14:15:00.000+02:00,778,2394,0,0,-1616,1,2394.33,1,0,1,0,0,0,0,0,0,0,0
2026-08-03T14:30:00.000+02:00,724,2120,0,0,-1395.33,1,2120.33,1,0,1,0,0,0,0,0,0,0,0
2026-08-03T14:45:00.000+02:00,755,2767,0,0,-2011.33,1,2766.67,1,0,1,0,0,0,0,0,0,0,0
2026-08-03T15:00:00.000+02:00,701,2418,0,0,-1716.33,1,2417.67,1,0,1,0,0,0,0,0,0,0,0
2026-08-03T15:15:00.000+02:00,647,1060,0,0,-412.67,1,1059.67,1,0,1,0,0,0,0,0,0,0,0
2026-08-03T15:30:00.000+02:00,727,1288,0,0,-559.67,1,1287.67,1,0,1,0,0,0,0,0,0,0,0
2026-08-03T15:45:00.000+02:00,1039,1685,0,0,-644.67,1,1685,1,0,1,0,0,0,0,0,0,0,0
2026-08-03T16:00:00.000+02:00,1366,977,0,0,389,1,977,1,0,1,0,0,0,0,0,0,0,0
2026-08-03T16:15:00.000+02:00,1404,1255,0,0,149.33,1,1254.67,1,0,1,0,0,0,0,0,0,0,0
2026-08-03T16:30:00.000+02:00,1420,1215,0,0,205.33,1,1215,1,0,1,0,0,0,0,0,0,0,0
2026-08-03T16:45:00.000+02:00,1372,843,0,0,528.67,1,843,1,0,1,0,0,0,0,0,0,0,0
2026-08-03T17:00:00.000+02:00,1384,911,0,0,472.67,1,911.33,1,0,1,0,0,0,0,0,0,0,0
2026-08-03T17:15:00.000+02:00,1439,939,0,0,498.67,1,939,1,0,1,0,0,0,0,0,0,0,0
2026-08-03T17:30:00.000+02:00,1032,1630,0,0,-597.67,1,1630,1,0,1,0,0,0,0,0,0,0,0
2026-08-03T17:45:00.000+02:00,721,1691,0,0,-969.67,1,1691.33,1,0,1,9.33,1,0,0,0,0,0,0
2026-08-03T18:00:00.000+02:00,841,1270,0,0,-428,1,1270,1,0,1,126,1,0,0,0,0,0,0
2026-08-03T18:15:00.000+02:00,747,854,0,0,-107.33,1,854,1,0,1,0,1,0,0,0,0,0,0
2026-08-03T18:30:00.000+02:00,762,1059,0,0,-296.67,1,1058.67,1,0,1,0,1,0,0,0,0,0,0
2026-08-03T18:45:00.000+02:00,751,744,0,0,7,1,744,1,0,1,0,1,0,0,0,0,0,0
2026-08-03T19:00:00.000+02:00,820,429,0,0,390.33,1,429,1,0,1,0,1,0,0,0,0,0,0
2026-08-03T19:15:00.000+02:00,901,156,0,0,744,1,156,1,0,1,0,1,0,0,0,0,0,0
2026-08-03T19:30:00.000+02:00,861,126,0,0,734.33,1,125.67,1,0,1,0,1,0,0,0,0,0,0
2026-08-03T19:45:00.000+02:00,903,138,0,0,764.33,1,138,1,0,1,0,1,0,0,0,0,0,0
2026-08-03T20:00:00.000+02:00,942,33,0,0,909.33,1,32.67,1,0,1,80,1,0,0,0,0,0,0
2026-08-03T20:15:00.000+02:00,815,2,0,0,813,1,1.67,1,0,1,9.33,1,0,0,0,0,0,0
2026-08-03T20:30:00.000+02:00,785,0,0,0,784.67,1,0,0,0,1,2,1,0,0,0,0,0,0
2026-08-03T20:45:00.000+02:00,773,0,0,0,772.67,1,0,0,0,1,0,1,0,0,0,0,0,0
2026-08-03T21:00:00.000+02:00,755,0,0,0,755,1,0,0,0,0,0,1,0,0,0,0,0,0
2026-08-03T21:15:00.000+02:00,790,0,0,0,788.67,1,0,0,0,0,0,1,0,0,0,0,0,0
2026-08-03T21:30:00.000+02:00,727,0,0,0,726,1,0,0,0,0,0,1,0,0,0,0,0,0
2026-08-03T21:45:00.000+02:00,753,0,0,0,753,1,0,0,0,0,0,1,0,0,0,0,0,0
2026-08-03T22:00:00.000+02:00,683,0,0,0,682.67,1,0,0,0,0,0,0,0,0,0,0,0,0
2026-08-03T22:15:00.000+02:00,590,0,0,0,589.33,1,0,0,0,0,0,0,0,0,0,0,0,0
2026-08-03T22:30:00.000+02:00,560,0,0,0,559.67,1,0,0,0,0,0,0,0,0,0,0,0,0
2026-08-03T22:45:00.000+02:00,577,0,0,0,576.33,1,0,0,0,0,0,0,0,0,0,0,0,0
2026-08-03T23:00:00.000+02:00,584,0,0,0,583.33,1,0,0,0,0,0,0,0,0,0,0,0,0
2026-08-03T23:15:00.000+02:00,594,0,0,0,594,1,0,0,0,0,0,0,0,0,0,0,0,0
2026-08-03T23:30:00.000+02:00,567,0,0,0,566.33,1,0,0,0,0,0,0,0,0,0,0,0,0
2026-08-03T23:45:00.000+02:00,560,0,0,0,560,1,0,0,0.33,1,0,0,0,0,0,0,0,0
2026-08-04T00:00:00.000+02:00,568,0,0,0,568,1,0,0,5,1,0,0,0,0,0,0,0,0
2026-08-04T00:15:00.000+02:00,595,0,0,0,594.67,1,0,0,0,0,0,0,0,0,0,0,0,0
2026-08-04T00:30:00.000+02:00,611,0,0,0,610,1,0,0,0,0,0,0,0,0,0,0,0,0
2026-08-04T00:45:00.000+02:00,604,0,0,0,603.33,1,0,0,0,0,0,0,0,0,0,0,0,0
2026-08-04T01:00:00.000+02:00,606,0,0,0,605.67,1,0,0,0,0,0,0,0,0,0,0,0,0
2026-08-04T01:15:00.000+02:00,539,0,0,0,539,1,0,0,0,0,0,0,0,0,0,0,0,0
2026-08-04T01:30:00.000+02:00,586,0,0,0,585.67,1,0,0,0,0,0,0,0,0,0,0,0,0
2026-08-04T01:45:00.000+02:00,571,0,0,0,570.33,1,0,0,0,0,0,0,0,0,0,0,0,0
2026-08-04T02:00:00.000+02:00,568,0,0,0,567.33,1,0,0,0,0,0,0,0,0,0,0,0,0
2026-08-04T02:15:00.000+02:00,521,0,0,0,521,1,0,0,0,0,0,0,0,0,0,0,0,0
2026-08-04T02:30:00.000+02:00,541,0,0,0,541,1,0,0,0,0,0,0,0,0,0,0,0,0
2026-08-04T02:45:00.000+02:00,602,0,0,0,601.33,1,0,0,0,0,0,0,0,0,0,0,0,0
2026-08-04T03:00:00.000+02:00,628,0,0,0,627.67,1,0,0,0,0,0,0,0,0,0,0,0,0
2026-08-04T03:15:00.000+02:00,605,0,0,0,604.67,1,0,0,0,0,0,0,0,0,0,0,0,0
2026-08-04T03:30:00.000+02:00,599,0,0,0,599.33,1,0,0,0,0,0,0,0,0,0,0,0,0
2026-08-04T03:45:00.000+02:00,572,0,0,0,572,1,0,0,0,0,0,0,0,0,0,0,0,0
2026-08-04T04:00:00.000+02:00,668,0,0,0,668,1,0,0,0,0,0,0,0,0,0,0,0,0
2026-08-04T04:15:00.000+02:00,653,0,0,0,652.33,1,0,0,0,0,0,0,0,0,0,0,0,0
2026-08-04T04:30:00.000+02:00,647,0,0,0,646,1,0,0,0,0,0,0,0,0,0,0,0,0
2026-08-04T04:45:00.000+02:00,618,0,0,0,617,1,0,0,0,0,0,0,0,0,0,0,0,0
2026-08-04T05:00:00.000+02:00,630,0,0,0,629.33,1,0,0,0,0,0,0,0,0,0,0,0,0
2026-08-04T05:15:00.000+02:00,827,0,0,0,826.67,1,0,0,0,0,0,0,0,0,0,0,0,0
2026-08-04T05:30:00.000+02:00,779,0,0,0,779,1,0,0,0,0,0,0,0,0,0,0,0,0
2026-08-04T05:45:00.000+02:00,806,0,0,0,806.33,1,0,0,0,0,0,0,0,0,0,0,0,0
2026-08-04T06:00:00.000+02:00,840,0,0,0,839.67,1,0,0,5.67,1,0,0,0,0,0,0,0,0
2026-08-04T06:15:00.000+02:00,886,0,0,0,885.33,1,0,0,0,1,0,0,0,0,0,0,0,0
2026-08-04T06:30:00.000+02:00,874,0,0,0,873,1,0.33,1,0,1,0,0,0,0,0,0,0,0
2026-08-04T06:45:00.000+02:00,895,18,0,0,876.33,1,18.33,1,0,1,0,0,0,0,0,0,0,0
2026-08-04T07:00:00.000+02:00,733,159,0,0,573.33,1,159,1,0,1,0,0,0,0,0,0,0,0
2026-08-04T07:15:00.000+02:00,723,128,0,0,594.67,1,128,1,0,1,0,0,0,0,0,0,0,0
2026-08-04T07:30:00.000+02:00,708,0,0,0,707.67,1,0,0,0,1,0,0,0,0,0,0,0,0
2026-08-04T07:45:00.000+02:00,759,0,0,0,758.33,1,0,0,0,1,0,0,0,0,0,0,0,0
2026-08-04T08:00:00.000+02:00,723,0,0,0,722.33,1,0,0,0,1,0,0,0,0,0,0,0,0
2026-08-04T08:15:00.000+02:00,768,0,0,0,767.33,1,0,0,0,1,0,0,0,0,0,0,0,0
2026-08-04T08:30:00.000+02:00,768,0,0,0,767.33,1,0,0,0,1,0,0,0,0,0,0,0,0
2026-08-04T08:45:00.000+02:00,710,0,0,0,710,1,0,0,0,1,0,0,0,0,0,0,0,0
2026-08-04T09:00:00.000+02:00,715,0,0,0,714.33,1,0,0,0,0,0,0,0,0,0,0,0,0
2026-08-04T09:15:00.000+02:00,708,0,0,0,707,1,0,0,0,0,0,0,0,0,0,0,0,0
2026-08-04T09:30:00.000+02:00,733,0,0,0,732.67,1,0,0,0,0,0,0,0,0,0,0,0,0
2026-08-04T09:45:00.000+02:00,703,0,0,0,702.67,1,0,0,0,0,0,0,0,0,0,0,0,0
2026-08-04T10:00:00.000+02:00,2046,0,0,0,2044.67,1,0,0,0,0,0,0,0,0,0,0,0,0
2026-08-04T10:15:00.000+02:00,3593,0,0,0,3592.67,1,0,0,0,0,0,0,0,0,0,0,0,0
2026-08-04T10:30:00.000+02:00,814,0,0,0,813.67,1,0,0,0,0,0,0,0,0,0,0,0,0
2026-08-04T10:45:00.000+02:00,786,0,0,0,785.33,1,0,0,0,0,0,0,0,0,0,0,0,0
2026-08-04T11:00:00.000+02:00,771,0,0,0,771,1,0,0,0,0,0,0,0,0,0,0,0,0
2026-08-04T11:15:00.000+02:00,806,0,0,0,805,1,0,0,0,0,0,0,0,0,0,0,0,0
2026-08-04T11:30:00.000+02:00,1060,0,0,0,1059.67,1,0,0,0,0,0,0,0,0,0,0,0,0
2026-08-04T11:45:00.000+02:00,1207,0,0,0,1206.67,1,0,0,0,0,0,0,0,0,0,0,0,0
2026-08-04T12:00:00.000+02:00,1255,0,0,0,1254,1,0,0,5.67,1,0,0,0,0,0,0,0,0
2026-08-04T12:15:00.000+02:00,1258,0,0,0,1257.67,1,0,0,0,1,0,0,0,0,0,0,0,0
2026-08-04T12:30:00.000+02:00,1252,0,0,0,1251.67,1,0,0,0,1,0,0,0,0,0,0,0,0
2026-08-04T12:45:00.000+02:00,1178,0,0,0,1177.33,1,0,0,0,1,0,0,0,0,0,0,0,0
2026-08-04T13:00:00.000+02:00,720,0,0,0,719.33,1,0,0,0,1,0,0,0,0,0,0,0,0
2026-08-04T13:15:00.000+02:00,653,1586,0,0,-933.33,1,1586,1,0,1,0,0,0,0,0,0,0,0
2026-08-04T13:30:00.000+02:00,5143,2423,0,0,2719.33,1,2423.33,1,0,1,0,0,4307.33,1,0,0,0,0
2026-08-04T13:45:00.000+02:00,2348,2447,0,0,-98.67,1,2447.33,1,0,1,0,0,1570.67,1,0,0,0,0
2026-08-04T14:00:00.000+02:00,2337,2428,0,0,-90.67,1,2428.33,1,0,1,0,0,1575.67,1,0,0,0,0
2026-08-04T14:15:00.000+02:00,2304,2419,0,0,-114.33,1,2419,1,0,1,0,0,1572,1,0,0,0,0
2026-08-04T14:30:00.000+02:00,2257,2373,0,0,-114.33,1,2372.67,1,0,1,0,0,1497.67,1,0,0,0,0
2026-08-04T14:45:00.000+02:00,2204,2346,0,0,-141,1,2345.67,1,0,1,0,0,1576.33,1,0,0,0,0
2026-08-04T15:00:00.000+02:00,2207,2305,0,0,-97.67,1,2305.33,1,0,1,0,0,1567.33,1,0,0,0,0
2026-08-04T15:15:00.000+02:00,2090,2236,0,0,-145.67,1,2236.33,1,0,1,0,0,1470,1,0,0,0,0
2026-08-04T15:30:00.000+02:00,2130,2210,0,0,-80,1,2210.33,1,0,1,0,0,1427,1,0,0,0,0
2026-08-04T15:45:00.000+02:00,2668,1927,0,0,740.67,1,1927.33,1,0,1,0,0,1457.33,1,0,0,0,0
2026-08-04T16:00:00.000+02:00,3932,2109,0,0,1822.67,1,2108.67,1,0,1,0,0,1429,1,0,0,0,0
2026-08-04T16:15:00.000+02:00,3825,1877,0,0,1948,1,1877,1,0,1,0,0,1429,1,0,0,0,0
2026-08-04T16:30:00.000+02:00,2121,1882,0,0,238,1,1882.33,1,0,1,0,0,1429.33,1,0,0,0,0
2026-08-04T16:45:00.000+02:00,2084,1386,0,0,697.67,1,1386,1,0,1,0,0,1430,1,0,0,0,0
2026-08-04T17:00:00.000+02:00,2094,1684,0,0,409.67,1,1684,1,0,1,0,0,1430.67,1,0,0,0,0
2026-08-04T17:15:00.000+02:00,2089,992,0,0,1096,1,991.67,1,0,1,0,0,1429.33,1,0,0,0,0
2026-08-04T17:30:00.000+02:00,2121,414,0,0,1706.67,1,413.67,1,0,1,0,0,1427.33,1,0,0,0,0
2026-08-04T17:45:00.000+02:00,2193,344,0,0,1848.67,1,344.33,1,0,1,0,0,1432.33,1,0,0,0,0
2026-08-04T18:00:00.000+02:00,2309,191,0,0,2117.33,1,190.67,1,0,1,52.33,1,1429,1,0,0,0,0
2026-08-04T18:15:00.000+02:00,2248,79,0,0,2168.67,1,78.67,1,0,1,43.67,1,1429,1,0,0,0,0
2026-08-04T18:30:00.000+02:00,2621,2,0,0,2619.33,1,1.67,1,0,1,23,1,1430,1,0,0,0,0
2026-08-04T18:45:00.000+02:00,3497,2,0,0,3494.33,1,2,1,0,1,0,1,1432.67,1,0,0,0,0
2026-08-04T19:00:00.000+02:00,3073,0,0,0,3072.33,1,0.33,1,0,1,0,1,1435,1,0,0,0,0
2026-08-04T19:15:00.000+02:00,3331,1,0,0,3329,1,1,1,0,1,0,1,1437,1,0,0,0,0
2026-08-04T19:30:00.000+02:00,3127,1,0,0,3124.67,1,1.33,1,0,1,0,1,1437.67,1,0,0,0,0
2026-08-04T19:45:00.000+02:00,3086,1,0,0,3084,1,1.33,1,0,1,0,1,1438.33,1,0,0,0,0
2026-08-04T20:00:00.000+02:00,3106,4,0,0,3102,1,3.67,1,0,1,0,1,1437.67,1,0,0,0,0
2026-08-04T20:15:00.000+02:00,2946,1,0,0,2944.33,1,0.67,1,0,1,0,1,1431.33,1,0,0,0,0
2026-08-04T20:30:00.000+02:00,2283,0,0,0,2281.33,1,0.33,1,0,1,0,1,1414,1,0,0,0,0
2026-08-04T20:45:00.000+02:00,2336,0,0,0,2335.67,1,0,0,0,1,0,1,1412.33,1,0,0,0,0
2026-08-04T21:00:00.000+02:00,2341,0,0,0,2340.33,1,0,0,0,0,0,1,1409.67,1,0,0,0,0
2026-08-04T21:15:00.000+02:00,2364,0,0,0,2363.33,1,0,0,0,0,0,1,1416.67,1,0,0,0,0
2026-08-04T21:30:00.000+02:00,2340,0,0,0,2339,1,0,0,0,0,0,1,1430.67,1,0,0,0,0
2026-08-04T21:45:00.000+02:00,2005,0,0,0,2004,1,0,0,0,0,0,1,1325.67,1,0,0,0,0
2026-08-04T22:00:00.000+02:00,656,0,0,0,655.33,1,0,0,0,0,0,0,0,0,0,0,0,0
2026-08-04T22:15:00.000+02:00,607,0,0,0,607.33,1,0,0,0,0,0,0,0,0,0,0,0,0
2026-08-04T22:30:00.000+02:00,542,0,0,0,541.33,1,0,0,0,0,0,0,0,0,0,0,0,0
2026-08-04T22:45:00.000+02:00,1309,0,0,0,1307.67,1,0,0,0,0,0,0,0,0,0,0,0,0
2026-08-04T23:00:00.000+02:00,2004,0,0,0,2003.33,1,0,0,0,0,0,0,0,0,0,0,0,0
2026-08-04T23:15:00.000+02:00,663,0,0,0,662.67,1,0,0,0,0,0,0,0,0,0,0,0,0
2026-08-04T23:30:00.000+02:00,621,0,0,0,620.67,1,0,0,0,0,0,0,0,0,0,0,0,0
2026-08-04T23:45:00.000+02:00,1102,0,0,0,1101.33,1,0,0,2.67,1,0,0,0,0,0,0,0,0
2026-08-05T00:00:00.000+02:00,1755,0,0,0,1754,1,0,0,43.33,1,0,0,0,0,0,0,0,0
2026-08-05T00:15:00.000+02:00,632,0,0,0,631,1,0,0,0,0,0,0,0,0,0,0,0,0
2026-08-05T00:30:00.000+02:00,579,0,0,0,578.33,1,0,0,0,0,0,0,0,0,0,0,0,0
2026-08-05T00:45:00.000+02:00,618,0,0,0,617.67,1,0,0,0,0,0,0,0,0,0,0,0,0
2026-08-05T01:00:00.000+02:00,610,0,0,0,609.67,1,0,0,0,0,0,0,0,0,0,0,0,0
2026-08-05T01:15:00.000+02:00,599,0,0,0,598.33,1,0,0,0,0,0,0,0,0,0,0,0,0
2026-08-05T01:30:00.000+02:00,557,0,0,0,557,1,0,0,0,0,0,0,0,0,0,0,0,0
2026-08-05T01:45:00.000+02:00,566,0,0,0,565.67,1,0,0,0,0,0,0,0,0,0,0,0,0
2026-08-05T02:00:00.000+02:00,561,0,0,0,560.67,1,0,0,0,0,0,0,0,0,0,0,0,0
2026-08-05T02:15:00.000+02:00,584,0,0,0,583.67,1,0,0,0,0,0,0,0,0,0,0,0,0
2026-08-05T02:30:00.000+02:00,562,0,0,0,561.33,1,0,0,0,0,0,0,0,0,0,0,0,0
2026-08-05T02:45:00.000+02:00,601,0,0,0,601,1,0,0,0,0,0,0,0,0,0,0,0,0
2026-08-05T03:00:00.000+02:00,628,0,0,0,627.33,1,0,0,0,0,0,0,0,0,0,0,0,0
2026-08-05T03:15:00.000+02:00,618,0,0,0,617.33,1,0,0,0,0,0,0,0,0,0,0,0,0
2026-08-05T03:30:00.000+02:00,624,0,0,0,623.33,1,0,0,0,0,0,0,0,0,0,0,0,0
2026-08-05T03:45:00.000+02:00,564,0,0,0,563.33,1,0,0,0,0,0,0,0,0,0,0,0,0
2026-08-05T04:00:00.000+02:00,612,0,0,0,611.67,1,0,0,0,0,0,0,0,0,0,0,0,0
2026-08-05T04:15:00.000+02:00,612,0,0,0,611.33,1,0,0,0,0,0,0,0,0,0,0,0,0
2026-08-05T04:30:00.000+02:00,620,0,0,0,619,1,0,0,0,0,0,0,0,0,0,0,0,0
2026-08-05T04:45:00.000+02:00,599,0,0,0,598.33,1,0,0,0,0,0,0,0,0,0,0,0,0
2026-08-05T05:00:00.000+02:00,644,0,0,0,644,1,0,0,0,0,0,0,0,0,0,0,0,0
2026-08-05T05:15:00.000+02:00,750,0,0,0,749.33,1,0,0,0,0,0,0,0,0,0,0,0,0
2026-08-05T05:30:00.000+02:00,853,0,0,0,852.33,1,0,0,0,0,0,0,0,0,0,0,0,0
2026-08-05T05:45:00.000+02:00,792,0,0,0,791.33,1,0,0,0,0,0,0,0,0,0,0,0,0
2026-08-05T06:00:00.000+02:00,1065,0,0,0,1065.33,1,0,0,207.67,1,0,0,0,0,0,0,0,0
2026-08-05T06:15:00.000+02:00,1128,0,0,0,1127.33,1,0.33,1,290.33,1,0,0,0,0,0,0,0,0
2026-08-05T06:30:00.000+02:00,1166,1,0,0,1164.67,1,1.33,1,289.67,1,0,0,0,0,0,0,0,0
2026-08-05T06:45:00.000+02:00,1136,2,0,0,1133.67,1,2,1,288,1,0,0,0,0,0,0,0,0
2026-08-05T07:00:00.000+02:00,1060,25,0,0,1035,1,25,1,127,1,0,0,0,0,0,0,0,0
2026-08-05T07:15:00.000+02:00,904,115,0,0,788.67,1,115.33,1,170.67,1,0,0,0,0,0,0,0,0
2026-08-05T07:30:00.000+02:00,894,188,0,0,706.33,1,187.67,1,198.33,1,0,0,0,0,0,0,0,0
2026-08-05T07:45:00.000+02:00,818,255,0,0,563.67,1,254.67,1,147.33,1,0,0,0,0,0,0,0,0
2026-08-05T08:00:00.000+02:00,892,395,0,0,497,1,394.67,1,212.33,1,0,0,0,0,0,0,0,0
2026-08-05T08:15:00.000+02:00,835,608,0,0,226.67,1,608.33,1,154.33,1,0,0,0,0,0,0,0,0
2026-08-05T08:30:00.000+02:00,907,857,0,0,50.33,1,856.67,1,182,1,0,0,0,0,0,0,0,0
2026-08-05T08:45:00.000+02:00,932,1133,0,0,-201,1,1132.67,1,182,1,0,0,0,0,0,0,0,0
2026-08-05T09:00:00.000+02:00,751,1023,0,0,-271,1,1022.67,1,39.33,1,0,0,0,0,0,0,0,0
2026-08-05T09:15:00.000+02:00,909,1505,0,0,-595.67,1,1505.33,1,168,1,0,0,0,0,0,0,0,0
2026-08-05T09:30:00.000+02:00,915,1553,0,0,-637.33,1,1553,1,183,1,0,0,0,0,0,0,0,0
2026-08-05T09:45:00.000+02:00,1731,1643,0,0,87.67,1,1643.33,1,120,1,0,0,929,1,0,0,0,0
2026-08-05T10:00:00.000+02:00,2069,1757,0,0,311,1,1757.33,1,0,0,0,0,1414,1,0,0,0,0
2026-08-05T10:15:00.000+02:00,2048,1879,0,0,168.67,1,1879,1,0,0,0,0,1414,1,0,0,0,0
2026-08-05T10:30:00.000+02:00,2061,1984,0,0,77,1,1983.67,1,0,0,0,0,1416,1,0,0,0,0
2026-08-05T10:45:00.000+02:00,2080,2113,0,0,-32,1,2112.67,1,0,0,0,0,1417,1,0,0,0,0
2026-08-05T11:00:00.000+02:00,2027,1888,0,0,139.33,1,1887.67,1,0,0,0,0,1417,1,0,0,0,0
2026-08-05T11:15:00.000+02:00,2093,2230,0,0,-136.33,1,2230,1,0,0,0,0,1436,1,0,0,0,0
2026-08-05T11:30:00.000+02:00,2133,2192,0,0,-58.67,1,2192.33,1,2.33,1,0,0,1464.33,1,0,0,0,0
2026-08-05T11:45:00.000+02:00,2341,2348,0,0,-7.33,1,2347.67,1,231.33,1,0,0,1435.33,1,0,0,0,0
2026-08-05T12:00:00.000+02:00,2298,2391,0,0,-93.33,1,2391.33,1,200,1,0,0,1464.67,1,0,0,0,0
2026-08-05T12:15:00.000+02:00,2355,2454,0,0,-98.67,1,2453.67,1,296,1,0,0,1425,1,0,0,0,0
2026-08-05T12:30:00.000+02:00,2373,2536,0,0,-162.67,1,2535.67,1,168,1,0,0,1573.33,1,0,0,0,0
2026-08-05T12:45:00.000+02:00,2485,2599,0,0,-113.33,1,2598.67,1,105,1,0,0,1730.67,1,0,0,0,0
2026-08-05T13:00:00.000+02:00,2518,2684,0,0,-165.67,1,2684.33,1,186,1,0,0,1739,1,0,0,0,0
2026-08-05T13:15:00.000+02:00,2420,2653,0,0,-232.67,1,2653.33,1,151,1,0,0,1651.33,1,0,0,0,0
2026-08-05T13:30:00.000+02:00,2429,2694,0,0,-264.33,1,2694,1,118.33,1,0,0,1675.33,1,0,0,0,0
2026-08-05T13:45:00.000+02:00,2504,2717,0,0,-212.67,1,2717,1,186.33,1,0,0,1693,1,0,0,0,0
2026-08-05T14:00:00.000+02:00,2584,2427,0,0,157.33,1,2426.67,1,137.33,1,0,0,1830.33,1,0,0,0,0
2026-08-05T14:15:00.000+02:00,1333,2548,0,0,-1214.67,1,2548,1,140.33,1,0,0,524.33,1,0,0,0,0
2026-08-05T14:30:00.000+02:00,817,2599,0,0,-1782,1,2599.33,1,142.67,1,0,0,0,0,0,0,0,0
2026-08-05T14:45:00.000+02:00,813,2259,0,0,-1445.33,1,2258.67,1,132,1,0,0,0,0,0,0,0,0
2026-08-05T15:00:00.000+02:00,835,2538,0,0,-1702,1,2537.67,1,183,1,0,0,0,0,0,0,0,0
2026-08-05T15:15:00.000+02:00,770,2399,0,0,-1628.67,1,2398.67,1,100,1,0,0,0,0,0,0,0,0
2026-08-05T15:30:00.000+02:00,817,2391,0,0,-1573,1,2391,1,169.33,1,0,0,0,0,0,0,0,0
2026-08-05T15:45:00.000+02:00,798,2403,0,0,-1605.33,1,2403,1,127.67,1,0,0,0,0,0,0,0,0
2026-08-05T16:00:00.000+02:00,883,2272,0,0,-1388.33,1,2272.33,1,138,1,0,0,97.33,1,0,0,0,0
2026-08-05T16:15:00.000+02:00,2153,2158,0,0,-5.33,1,2158.33,1,129.33,1,0,0,1409.33,1,0,0,0,0
2026-08-05T16:30:00.000+02:00,2179,2009,0,0,169.67,1,2008.67,1,136.33,1,0,0,1414,1,0,0,0,0
2026-08-05T16:45:00.000+02:00,2190,1699,0,0,491.33,1,1699,1,136.33,1,0,0,1416.33,1,0,0,0,0
2026-08-05T17:00:00.000+02:00,2219,1761,0,0,458.33,1,1760.67,1,129.67,1,0,0,1422,1,0,0,0,0
2026-08-05T17:15:00.000+02:00,1875,1301,0,0,573.67,1,1301,1,101,1,0,0,1106,1,0,0,0,0
2026-08-05T17:30:00.000+02:00,875,1505,0,0,-629.33,1,1505.33,1,161.33,1,0,0,0,0,0,0,0,0
2026-08-05T17:45:00.000+02:00,790,1367,0,0,-577.67,1,1367.33,1,98.33,1,0,0,0,0,0,0,0,0
2026-08-05T18:00:00.000+02:00,845,921,0,0,-76.67,1,921.33,1,158,1,0,0,0,0,0,0,0,0
2026-08-05T18:15:00.000+02:00,736,414,0,0,321.33,1,414,1,85.33,1,0,0,0,0,0,0,0,0
2026-08-05T18:30:00.000+02:00,807,653,0,0,153.67,1,653,1,150.67,1,0,0,0,0,0,0,0,0
2026-08-05T18:45:00.000+02:00,743,495,0,0,247,1,495.33,1,111.33,1,0,0,0,0,0,0,0,0
2026-08-05T19:00:00.000+02:00,757,421,0,0,335.67,1,421,1,125.67,1,0,0,0,0,0,0,0,0
2026-08-05T19:15:00.000+02:00,755,523,0,0,231.33,1,523.33,1,133,1,0,0,0,0,0,0,0,0
2026-08-05T19:30:00.000+02:00,746,402,0,0,343.67,1,402.33,1,82.33,1,0,0,0,0,0,0,0,0
2026-08-05T19:45:00.000+02:00,797,211,0,0,585.33,1,210.67,1,146,1,0,0,0,0,0,0,0,0
2026-08-05T20:00:00.000+02:00,776,228,0,0,547.67,1,228,1,113.33,1,0,0,0,0,0,0,0,0
2026-08-05T20:15:00.000+02:00,745,98,0,0,646.33,1,98,1,103,1,0,0,0,0,0,0,0,0
2026-08-05T20:30:00.000+02:00,822,1,0,0,821,1,0.67,1,156.33,1,0,0,0,0,0,0,0,0
2026-08-05T20:45:00.000+02:00,737,0,0,0,736,1,0.33,1,84.33,1,0,0,0,0,0,0,0,0
2026-08-05T21:00:00.000+02:00,671,0,0,0,670.33,1,0,0,6,1,0,0,0,0,0,0,0,0
2026-08-05T21:15:00.000+02:00,629,0,0,0,628.33,1,0,0,0,0,0,0,0,0,0,0,0,0
2026-08-05T21:30:00.000+02:00,641,0,0,0,640.33,1,0,0,0,0,0,0,0,0,0,0,0,0
2026-08-05T21:45:00.000+02:00,773,0,0,0,772.67,1,0,0,0,0,0,0,0,0,0,0,0,0
2026-08-05T22:00:00.000+02:00,691,0,0,0,690.67,1,0,0,0,0,0,0,0,0,0,0,0,0
2026-08-05T22:15:00.000+02:00,598,0,0,0,598.33,1,0,0,0,0,0,0,0,0,0,0,0,0
2026-08-05T22:30:00.000+02:00,586,0,0,0,585.33,1,0,0,0,0,0,0,0,0,0,0,0,0
2026-08-05T22:45:00.000+02:00,625,0,0,0,624.67,1,0,0,0,0,0,0,0,0,0,0,0,0
2026-08-05T23:00:00.000+02:00,640,0,0,0,639,1,0,0,0,0,0,0,0,0,0,0,0,0
2026-08-05T23:15:00.000+02:00,646,0,0,0,646.33,1,0,0,0,0,0,0,0,0,0,0,0,0
2026-08-05T23:30:00.000+02:00,632,0,0,0,632.33,1,0,0,0,0,0,0,0,0,0,0,0,0
2026-08-05T23:45:00.000+02:00,673,0,0,0,673,1,0,0,0.33,1,0,0,0,0,0,0,0,0
2026-08-06T00:00:00.000+02:00,647,0,0,0,646.67,1,0,0,5,1,0,0,0,0,0,0,0,0
2026-08-06T00:15:00.000+02:00,588,0,0,0,588,1,0,0,0,0,0,0,0,0,0,0,0,0
2026-08-06T00:30:00.000+02:00,559,0,0,0,558.33,1,0,0,0,0,0,0,0,0,0,0,0,0
2026-08-06T00:45:00.000+02:00,601,0,0,0,600.67,1,0,0,0,0,0,0,0,0,0,0,0,0
2026-08-06T01:00:00.000+02:00,610,0,0,0,609.33,1,0,0,0,0,0,0,0,0,0,0,0,0
2026-08-06T01:15:00.000+02:00,615,0,0,0,613.67,1,0,0,0,0,0,0,0,0,0,0,0,0
2026-08-06T01:30:00.000+02:00,577,0,0,0,576,1,0,0,0,0,0,0,0,0,0,0,0,0
2026-08-06T01:45:00.000+02:00,623,0,0,0,622.33,1,0,0,0,0,0,0,0,0,0,0,0,0
2026-08-06T02:00:00.000+02:00,648,0,0,0,647.33,1,0,0,0,0,0,0,0,0,0,0,0,0
2026-08-06T02:15:00.000+02:00,655,0,0,0,654.67,1,0,0,0,0,0,0,0,0,0,0,0,0
2026-08-06T02:30:00.000+02:00,624,0,0,0,623.67,1,0,0,0,0,0,0,0,0,0,0,0,0
2026-08-06T02:45:00.000+02:00,619,0,0,0,618.33,1,0,0,0,0,0,0,0,0,0,0,0,0
2026-08-06T03:00:00.000+02:00,651,0,0,0,651,1,0,0,0,0,0,0,0,0,0,0,0,0
2026-08-06T03:15:00.000+02:00,608,0,0,0,608.33,1,0,0,0,0,0,0,0,0,0,0,0,0
2026-08-06T03:30:00.000+02:00,597,0,0,0,596,1,0,0,0,0,0,0,0,0,0,0,0,0
2026-08-06T03:45:00.000+02:00,812,0,0,0,811,1,0,0,0,0,0,0,0,0,0,0,0,0
2026-08-06T04:00:00.000+02:00,2439,0,0,0,2439,1,0,0,0,0,0,0,0,0,0,0,0,0
2026-08-06T04:15:00.000+02:00,2585,0,0,0,2584.67,1,0,0,0,0,0,0,0,0,0,0,0,0
2026-08-06T04:30:00.000+02:00,882,0,0,0,881.67,1,0,0,0,0,0,0,0,0,0,0,0,0
2026-08-06T04:45:00.000+02:00,660,0,0,0,659.67,1,0,0,0,0,0,0,0,0,0,0,0,0
2026-08-06T05:00:00.000+02:00,719,0,0,0,718.33,1,0,0,0,0,0,0,0,0,0,0,0,0
2026-08-06T05:15:00.000+02:00,762,0,0,0,762,1,0,0,0,0,0,0,0,0,0,0,0,0
2026-08-06T05:30:00.000+02:00,839,0,0,0,838,1,0,0,0,0,0,0,0,0,0,0,0,0
2026-08-06T05:45:00.000+02:00,789,0,0,0,789,1,0,0,0,0,0,0,0,0,0,0,0,0
2026-08-06T06:00:00.000+02:00,1567,0,0,0,1567,1,0,0,76.33,1,593,1,0,0,0,0,0,0
2026-08-06T06:15:00.000+02:00,1882,0,0,0,1881,1,0.33,1,104,1,927,1,0,0,0,0,0,0
2026-08-06T06:30:00.000+02:00,1743,1,0,0,1741.67,1,0.67,1,56.33,1,922,1,0,0,0,0,0,0
2026-08-06T06:45:00.000+02:00,1802,97,0,0,1704.67,1,97,1,103.33,1,921.33,1,0,0,0,0,0,0
2026-08-06T07:00:00.000+02:00,1241,194,0,0,1046.33,1,194.33,1,57,1,327,1,0,0,0,0,0,0
2026-08-06T07:15:00.000+02:00,1001,289,0,0,711.67,1,289.33,1,69.33,1,0,1,0,0,0,0,0,0
2026-08-06T07:30:00.000+02:00,972,377,0,0,594.67,1,376.67,1,93.67,1,0,1,0,0,0,0,0,0
2026-08-06T07:45:00.000+02:00,877,448,0,0,428.33,1,447.67,1,57,1,0,1,0,0,0,0,0,0
2026-08-06T08:00:00.000+02:00,956,580,0,0,376,1,580,1,100,1,0,1,0,0,0,0,0,0
2026-08-06T08:15:00.000+02:00,894,690,0,0,203.33,1,690.33,1,60.67,1,0,1,0,0,0,0,0,0
2026-08-06T08:30:00.000+02:00,854,852,0,0,3,1,851.67,1,77,1,0,1,0,0,0,0,0,0
2026-08-06T08:45:00.000+02:00,871,1113,0,0,-241.33,1,1113,1,88.67,1,0,1,0,0,0,0,0,0
2026-08-06T09:00:00.000+02:00,902,713,0,0,189.67,1,712.67,1,55.67,1,0,1,0,0,0,0,0,0
2026-08-06T09:15:00.000+02:00,1462,768,0,0,694,1,767.67,1,202,1,0,1,0,0,0,0,0,0
2026-08-06T09:30:00.000+02:00,3889,843,0,0,3045.33,1,843.33,1,293.33,1,0,1,0,0,0,0,0,0
2026-08-06T09:45:00.000+02:00,1484,1278,0,0,206.67,1,1277.67,1,186.67,1,0,1,0,0,0,0,0,0
2026-08-06T10:00:00.000+02:00,1650,1516,0,0,133.33,1,1516.33,1,183.67,1,0,1,595.33,1,0,0,0,0
2026-08-06T10:15:00.000+02:00,2457,1351,0,0,1105,1,1350.67,1,190.67,1,0,1,1441,1,0,0,0,0
2026-08-06T10:30:00.000+02:00,2602,1109,0,0,1492,1,1109.33,1,238.67,1,0,1,1443,1,0,0,0,0
2026-08-06T10:45:00.000+02:00,2657,2070,0,0,587,1,2069.67,1,137.67,1,0,1,1472.33,1,0,0,0,0
2026-08-06T11:00:00.000+02:00,2888,2064,0,0,823,1,2064,1,142.33,1,0,1,1446,1,0,0,0,0
2026-08-06T11:15:00.000+02:00,2842,2024,0,0,817.33,1,2024,1,72.67,1,0,1,1447,1,0,0,0,0
2026-08-06T11:30:00.000+02:00,2831,2376,0,0,454.67,1,2376.33,1,48.33,1,0,1,1445,1,0,0,0,0
2026-08-06T11:45:00.000+02:00,2813,2556,0,0,257,1,2556.33,1,18.33,1,0,1,1466.33,1,0,0,0,0
2026-08-06T12:00:00.000+02:00,2743,1755,0,0,988,1,1755,1,20.33,1,0,1,1459.33,1,0,0,0,0
2026-08-06T12:15:00.000+02:00,3177,1892,0,0,1285,1,1892,1,17.67,1,0,1,1449.67,1,0,0,0,0
2026-08-06T12:30:00.000+02:00,4674,2004,0,0,2669.67,1,2003.67,1,0,1,0,1,1451.67,1,0,0,0,0
2026-08-06T12:45:00.000+02:00,4430,2420,0,0,2009.67,1,2420,1,17,1,0,1,1048.67,1,0,0,0,0
2026-08-06T13:00:00.000+02:00,5606,2163,0,0,3442.67,1,2163,1,28,1,0,1,0,0,0,0,0,0
2026-08-06T13:15:00.000+02:00,3228,2625,0,0,603,1,2625,1,31,1,0,1,0,0,0,0,0,0
2026-08-06T13:30:00.000+02:00,2942,2677,0,0,264,1,2677.33,1,20.33,1,0,1,0,0,0,0,0,0
2026-08-06T13:45:00.000+02:00,1998,2633,0,0,-635,1,2633,1,30.67,1,0,1,1126.67,1,0,0,0,0
2026-08-06T14:00:00.000+02:00,2351,1778,0,0,572.67,1,1777.67,1,3.33,1,0,1,1490.33,1,0,0,0,0
2026-08-06T14:15:00.000+02:00,2300,2102,0,0,199,1,2101.67,1,0,1,0,1,1592,1,0,0,0,0
2026-08-06T14:30:00.000+02:00,2201,1755,0,0,446,1,1755,1,0,1,0,1,1504.33,1,0,0,0,0
2026-08-06T14:45:00.000+02:00,2499,2380,0,0,119.33,1,2379.67,1,11.33,1,0,1,1697.33,1,0,0,0,0
2026-08-06T15:00:00.000+02:00,3627,2697,0,0,930.33,1,2697,1,145.33,1,0,1,1440.33,1,0,0,0,0
2026-08-06T15:15:00.000+02:00,2816,2776,0,0,39.67,1,2775.67,1,46.33,1,0,1,1422,1,0,0,0,0
2026-08-06T15:30:00.000+02:00,2881,2744,0,0,137.67,1,2744,1,33.33,1,0,1,1412.67,1,0,0,0,0
2026-08-06T15:45:00.000+02:00,2887,2364,0,0,521.67,1,2364.33,1,12,1,0,1,1415.67,1,0,0,0,0
2026-08-06T16:00:00.000+02:00,2907,2340,0,0,566.33,1,2339.67,1,0,1,0,1,1418.67,1,0,0,0,0
2026-08-06T16:15:00.000+02:00,2550,1561,0,0,988.33,1,1561.33,1,0,1,0,1,1440.33,1,0,0,0,0
2026-08-06T16:30:00.000+02:00,2308,2208,0,0,99.33,1,2208,1,13.33,1,0,1,1420.67,1,0,0,0,0
2026-08-06T16:45:00.000+02:00,2201,2161,0,0,39.33,1,2161.33,1,32.67,1,0,1,1421,1,0,0,0,0
2026-08-06T17:00:00.000+02:00,2142,1600,0,0,541,1,1600.33,1,2.33,1,0,1,1421,1,0,0,0,0
2026-08-06T17:15:00.000+02:00,2131,1818,0,0,313,1,1817.67,1,0,1,0,1,1422,1,0,0,0,0
2026-08-06T17:30:00.000+02:00,2207,1692,0,0,514.67,1,1691.67,1,0,1,0,1,1422,1,0,0,0,0
2026-08-06T17:45:00.000+02:00,2174,964,0,0,1208.67,1,964.33,1,0,1,0,1,1424.67,1,0,0,0,0
2026-08-06T18:00:00.000+02:00,1688,640,0,0,1048,1,639.67,1,0,1,0,1,965.67,1,0,0,0,0
2026-08-06T18:15:00.000+02:00,724,1128,0,0,-403.67,1,1128.33,1,0,1,0,1,0,0,0,0,0,0
2026-08-06T18:30:00.000+02:00,1659,964,0,0,695,1,963.67,1,60.67,1,857.67,1,0,0,0,0,0,0
2026-08-06T18:45:00.000+02:00,1728,802,0,0,925.67,1,802,1,101.67,1,926,1,0,0,0,0,0,0
2026-08-06T19:00:00.000+02:00,1027,628,0,0,398.67,1,628.33,1,152.67,1,195.67,1,0,0,0,0,0,0
2026-08-06T19:15:00.000+02:00,736,516,0,0,220,1,515.67,1,89.33,1,0,1,0,0,0,0,0,0
2026-08-06T19:30:00.000+02:00,772,383,0,0,388.33,1,383,1,137.67,1,0,1,0,0,0,0,0,0
2026-08-06T19:45:00.000+02:00,776,190,0,0,586,1,190,1,80.67,1,0,1,0,0,0,0,0,0
2026-08-06T20:00:00.000+02:00,830,30,0,0,798.67,1,30,1,124.33,1,0,1,0,0,0,0,0,0
2026-08-06T20:15:00.000+02:00,934,54,0,0,879.67,1,54,1,110.33,1,33.33,1,0,0,0,0,0,0
2026-08-06T20:30:00.000+02:00,857,1,0,0,855.33,1,1,1,81.67,1,41.67,1,0,0,0,0,0,0
2026-08-06T20:45:00.000+02:00,975,0,0,0,974.67,1,0,0,123.33,1,35,1,0,0,0,0,0,0
2026-08-06T21:00:00.000+02:00,864,0,0,0,862.67,1,0,0,1.33,1,0,1,0,0,0,0,0,0
2026-08-06T21:15:00.000+02:00,844,0,0,0,843,1,0,0,0,0,0,1,0,0,0,0,0,0
2026-08-06T21:30:00.000+02:00,634,0,0,0,632.67,1,0,0,0,0,0,1,0,0,0,0,0,0
2026-08-06T21:45:00.000+02:00,618,0,0,0,618,1,0,0,0,0,0,1,0,0,0,0,0,0
2026-08-06T22:00:00.000+02:00,577,0,0,0,576.67,1,0,0,0,0,0,0,0,0,0,0,0,0
2026-08-06T22:15:00.000+02:00,616,0,0,0,616,1,0,0,0,0,0,0,0,0,0,0,0,0
2026-08-06T22:30:00.000+02:00,1568,0,0,0,1568.33,1,0,0,0,0,0,0,0,0,0,0,0,0
2026-08-06T22:45:00.000+02:00,1861,0,0,0,1860.67,1,0,0,0,0,0,0,0,0,0,0,0,0
2026-08-06T23:00:00.000+02:00,637,0,0,0,636,1,0,0,0,0,0,0,0,0,0,0,0,0
2026-08-06T23:15:00.000+02:00,697,0,0,0,697.33,1,0,0,0,0,0,0,0,0,0,0,0,0
2026-08-06T23:30:00.000+02:00,653,0,0,0,653,1,0,0,0,0,0,0,0,0,0,0,0,0
2026-08-06T23:45:00.000+02:00,2236,0,0,0,2235.67,1,0,0,0.33,1,0,0,0,0,0,0,0,0
2026-08-07T00:00:00.000+02:00,605,0,0,0,604.33,1,0,0,5,1,0,0,0,0,0,0,0,0
2026-08-07T00:15:00.000+02:00,558,0,0,0,557,1,0,0,0,0,0,0,0,0,0,0,0,0
2026-08-07T00:30:00.000+02:00,587,0,0,0,586,1,0,0,0,0,0,0,0,0,0,0,0,0
2026-08-07T00:45:00.000+02:00,542,0,0,0,541.67,1,0,0,0,0,0,0,0,0,0,0,0,0
2026-08-07T01:00:00.000+02:00,565,0,0,0,564.67,1,0,0,0,0,0,0,0,0,0,0,0,0
2026-08-07T01:15:00.000+02:00,572,0,0,0,571.33,1,0,0,0,0,0,0,0,0,0,0,0,0
2026-08-07T01:30:00.000+02:00,592,0,0,0,591.33,1,0,0,0,0,0,0,0,0,0,0,0,0
2026-08-07T01:45:00.000+02:00,583,0,0,0,583,1,0,0,0,0,0,0,0,0,0,0,0,0
2026-08-07T02:00:00.000+02:00,582,0,0,0,581,1,0,0,0,0,0,0,0,0,0,0,0,0
2026-08-07T02:15:00.000+02:00,576,0,0,0,575.33,1,0,0,0,0,0,0,0,0,0,0,0,0
2026-08-07T02:30:00.000+02:00,611,0,0,0,610.33,1,0,0,0,0,0,0,0,0,0,0,0,0
2026-08-07T02:45:00.000+02:00,610,0,0,0,609,1,0,0,0,0,0,0,0,0,0,0,0,0
2026-08-07T03:00:00.000+02:00,568,0,0,0,567.33,1,0,0,0,0,0,0,0,0,0,0,0,0
2026-08-07T03:15:00.000+02:00,546,0,0,0,545,1,0,0,0,0,0,0,0,0,0,0,0,0
2026-08-07T03:30:00.000+02:00,595,0,0,0,594.67,1,0,0,0,0,0,0,0,0,0,0,0,0
2026-08-07T03:45:00.000+02:00,588,0,0,0,587,1,0,0,0,0,0,0,0,0,0,0,0,0
2026-08-07T04:00:00.000+02:00,610,0,0,0,609,1,0,0,0,0,0,0,0,0,0,0,0,0
2026-08-07T04:15:00.000+02:00,534,0,0,0,533.67,1,0,0,0,0,0,0,0,0,0,0,0,0
2026-08-07T04:30:00.000+02:00,584,0,0,0,583.33,1,0,0,0,0,0,0,0,0,0,0,0,0
2026-08-07T04:45:00.000+02:00,614,0,0,0,613.67,1,0,0,0,0,0,0,0,0,0,0,0,0
2026-08-07T05:00:00.000+02:00,637,0,0,0,637,1,0,0,0,0,0,0,0,0,0,0,0,0
2026-08-07T05:15:00.000+02:00,800,0,0,0,799.67,1,0,0,0,0,114.33,1,0,0,0,0,0,0
2026-08-07T05:30:00.000+02:00,1683,0,0,0,1683,1,0,0,0,0,911.67,1,0,0,0,0,0,0
2026-08-07T05:45:00.000+02:00,1652,0,0,0,1651.67,1,0,0,0,0,923.67,1,0,0,0,0,0,0
2026-08-07T06:00:00.000+02:00,1755,0,0,0,1754.67,1,0,0,101,1,920,1,0,0,0,0,0,0
2026-08-07T06:15:00.000+02:00,781,0,0,0,780.67,1,0,0,104.33,1,40.67,1,0,0,0,0,0,0
2026-08-07T06:30:00.000+02:00,747,1,0,0,744.67,1,1.33,1,106.33,1,0,1,0,0,0,0,0,0
2026-08-07T06:45:00.000+02:00,772,134,0,0,638,1,133.67,1,77.67,1,0,1,0,0,0,0,0,0
2026-08-07T07:00:00.000+02:00,922,276,0,0,644.33,1,276.33,1,89.67,1,0,1,0,0,0,0,0,0
2026-08-07T07:15:00.000+02:00,804,311,0,0,492.33,1,311.33,1,101,1,0,1,0,0,0,0,0,0
2026-08-07T07:30:00.000+02:00,777,383,0,0,394,1,382.67,1,76.67,1,26.67,1,0,0,0,0,0,0
2026-08-07T07:45:00.000+02:00,906,495,0,0,409.67,1,495.33,1,85.33,1,67.67,1,0,0,0,0,0,0
2026-08-07T08:00:00.000+02:00,890,536,0,0,354,1,535.67,1,101,1,33.33,1,0,0,0,0,0,0
2026-08-07T08:15:00.000+02:00,799,701,0,0,97.33,1,701,1,65.33,1,26.33,1,0,0,0,0,0,0
2026-08-07T08:30:00.000+02:00,720,849,0,0,-128.33,1,848.67,1,89,1,0,1,0,0,0,0,0,0
2026-08-07T08:45:00.000+02:00,770,1104,0,0,-333.33,1,1104,1,94.33,1,0,1,0,0,0,0,0,0
2026-08-07T09:00:00.000+02:00,741,1519,0,0,-778,1,1519,1,66.33,1,0,1,0,0,0,0,0,0
2026-08-07T09:15:00.000+02:00,764,1193,0,0,-428.67,1,1192.67,1,80.67,1,0,1,0,0,0,0,0,0
2026-08-07T09:30:00.000+02:00,742,1537,0,0,-794.33,1,1537,1,94.67,1,0,1,0,0,0,0,0,0
2026-08-07T09:45:00.000+02:00,746,1974,0,0,-1228,1,1974.33,1,66.67,1,0,1,0,0,0,0,0,0
2026-08-07T10:00:00.000+02:00,898,1962,0,0,-1063.33,1,1962,1,73.67,1,0,1,0,0,0,0,0,0
2026-08-07T10:15:00.000+02:00,847,2132,0,0,-1285.33,1,2132.33,1,93,1,0,1,0,0,0,0,0,0
2026-08-07T10:30:00.000+02:00,1801,2132,0,0,-331.33,1,2132,1,43.33,1,0,1,1038.67,1,0,0,0,0
2026-08-07T10:45:00.000+02:00,2160,2112,0,0,48.67,1,2112,1,0,0,0,1,1438.33,1,0,0,0,0
2026-08-07T11:00:00.000+02:00,2174,2156,0,0,19,1,2156,1,0,0,0,1,1441.33,1,0,0,0,0
2026-08-07T11:15:00.000+02:00,2215,2329,0,0,-113.33,1,2329.33,1,0,0,0,1,1500.67,1,0,0,0,0
2026-08-07T11:30:00.000+02:00,2219,2282,0,0,-62.67,1,2282,1,58.67,1,0,1,1498,1,0,0,0,0
2026-08-07T11:45:00.000+02:00,2427,2466,0,0,-38,1,2465.67,1,96,1,0,1,1662,1,0,0,0,0
2026-08-07T12:00:00.000+02:00,2509,2668,0,0,-158.67,1,2668,1,89.33,1,0,1,1729.67,1,0,0,0,0
2026-08-07T12:15:00.000+02:00,1287,2666,0,0,-1378.67,1,2665.67,1,54,1,0,1,541.33,1,0,0,0,0
2026-08-07T12:30:00.000+02:00,774,2555,0,0,-1779.67,1,2555,1,91,1,0,1,0,0,0,0,0,0
2026-08-07T12:45:00.000+02:00,757,2563,0,0,-1806,1,2563.33,1,87.33,1,0,1,0,0,0,0,0,0
2026-08-07T13:00:00.000+02:00,725,2353,0,0,-1627.33,1,2352.67,1,53,1,0,1,0,0,0,0,0,0
2026-08-07T13:15:00.000+02:00,813,2540,0,0,-1725.33,1,2539.67,1,87.33,1,0,1,0,0,0,0,0,0
2026-08-07T13:30:00.000+02:00,778,2601,0,0,-1821.67,1,2600.67,1,87,1,0,1,0,0,0,0,0,0
2026-08-07T13:45:00.000+02:00,730,2596,0,0,-1866,1,2596,1,60.67,1,1.33,1,0,0,0,0,0,0
2026-08-07T14:00:00.000+02:00,737,2565,0,0,-1828,1,2565,1,78.33,1,0,1,0,0,0,0,0,0
2026-08-07T14:15:00.000+02:00,770,2532,0,0,-1761.33,1,2532,1,90.67,1,0,1,0,0,0,0,0,0
2026-08-07T14:30:00.000+02:00,730,2499,0,0,-1768.67,1,2498.67,1,66,1,0,1,0,0,0,0,0,0
2026-08-07T14:45:00.000+02:00,1768,2460,0,0,-691.67,1,2459.67,1,69.33,1,0,1,1014.67,1,0,0,0,0
2026-08-07T15:00:00.000+02:00,2330,2420,0,0,-90.33,1,2420.33,1,100,1,0,1,1529,1,0,0,0,0
2026-08-07T15:15:00.000+02:00,2291,2360,0,0,-69,1,2360,1,73.33,1,0,1,1453.33,1,0,0,0,0
2026-08-07T15:30:00.000+02:00,2319,2300,0,0,20,1,2300,1,138.67,1,0,1,1463.67,1,0,0,0,0
2026-08-07T15:45:00.000+02:00,2210,2256,0,0,-45.67,1,2255.67,1,94.67,1,0,1,1453.33,1,0,0,0,0
2026-08-07T16:00:00.000+02:00,2164,2151,0,0,13.67,1,2150.67,1,64,1,0,1,1446.67,1,0,0,0,0
2026-08-07T16:15:00.000+02:00,2217,2057,0,0,159,1,2056.67,1,102.67,1,0,1,1442,1,0,0,0,0
2026-08-07T16:30:00.000+02:00,2213,1952,0,0,260.33,1,1952.33,1,89.33,1,0,1,1441.33,1,0,0,0,0
2026-08-07T16:45:00.000+02:00,2138,1870,0,0,267.67,1,1869.67,1,63.33,1,0,1,1435.33,1,0,0,0,0
2026-08-07T17:00:00.000+02:00,2163,1752,0,0,409.67,1,1752,1,98.67,1,0,1,1424.33,1,0,0,0,0
2026-08-07T17:15:00.000+02:00,2160,1693,0,0,467.33,1,1692.67,1,85.67,1,0,1,1425.67,1,0,0,0,0
2026-08-07T17:30:00.000+02:00,2187,1613,0,0,574,1,1613.33,1,67.33,1,0,1,1427,1,0,0,0,0
2026-08-07T17:45:00.000+02:00,2195,1463,0,0,732.33,1,1462.67,1,99.33,1,0,1,1427.67,1,0,0,0,0
2026-08-07T18:00:00.000+02:00,870,1263,0,0,-393,1,1263.33,1,74.33,1,0,1,125.33,1,0,0,0,0
2026-08-07T18:15:00.000+02:00,753,1110,0,0,-357,1,1109.67,1,74.67,1,0,1,0,0,0,0,0,0
2026-08-07T18:30:00.000+02:00,802,934,0,0,-131.33,1,933.67,1,98,1,0,1,0,0,0,0,0,0
2026-08-07T18:45:00.000+02:00,864,422,0,0,442,1,422.33,1,68.33,1,2.33,1,0,0,0,0,0,0
2026-08-07T19:00:00.000+02:00,1531,138,0,0,1392,1,138.33,1,86.33,1,169,1,0,0,0,0,0,0
2026-08-07T19:15:00.000+02:00,983,138,0,0,843.67,1,138.33,1,96,1,81.33,1,0,0,0,0,0,0
2026-08-07T19:30:00.000+02:00,807,191,0,0,615.33,1,191,1,51.67,1,0,1,0,0,0,0,0,0
2026-08-07T19:45:00.000+02:00,829,235,0,0,593.67,1,235,1,98,1,0,1,0,0,0,0,0,0
2026-08-07T20:00:00.000+02:00,850,175,0,0,674.67,1,174.67,1,91.33,1,0,1,0,0,0,0,0,0
2026-08-07T20:15:00.000+02:00,727,10,0,0,716.67,1,10,1,50.33,1,0,1,0,0,0,0,0,0
2026-08-07T20:30:00.000+02:00,910,0,0,0,909,1,0.33,1,92.33,1,0,1,0,0,0,0,0,0
2026-08-07T20:45:00.000+02:00,882,0,0,0,881,1,0,0,82,1,0,1,0,0,0,0,0,0
2026-08-07T21:00:00.000+02:00,727,0,0,0,726.33,1,0,0,6.67,1,0,1,0,0,0,0,0,0
2026-08-07T21:15:00.000+02:00,688,0,0,0,688.33,1,0,0,0,0,3.33,1,0,0,0,0,0,0
2026-08-07T21:30:00.000+02:00,710,0,0,0,710,1,0,0,0,0,0,1,0,0,0,0,0,0
2026-08-07T21:45:00.000+02:00,699,0,0,0,699.33,1,0,0,0,0,0,1,0,0,0,0,0,0
2026-08-07T22:00:00.000+02:00,635,0,0,0,634.67,1,0,0,0,0,0,0,0,0,0,0,0,0
2026-08-07T22:15:00.000+02:00,603,0,0,0,602,1,0,0,0,0,0,0,0,0,0,0,0,0
2026-08-07T22:30:00.000+02:00,599,0,0,0,598,1,0,0,0,0,0,0,0,0,0,0,0,0
2026-08-07T22:45:00.000+02:00,650,0,0,0,650.33,1,0,0,0,0,0,0,0,0,0,0,0,0
2026-08-07T23:00:00.000+02:00,606,0,0,0,606,1,0,0,0,0,0,0,0,0,0,0,0,0
2026-08-07T23:15:00.000+02:00,568,0,0,0,567,1,0,0,0,0,0,0,0,0,0,0,0,0
2026-08-07T23:30:00.000+02:00,565,0,0,0,564.33,1,0,0,0,0,0,0,0,0,0,0,0,0
2026-08-07T23:45:00.000+02:00,591,0,0,0,590.67,1,0,0,0.33,1,0,0,0,0,0,0,0,0
2026-08-08T00:00:00.000+02:00,564,0,0,0,563,1,0,0,5,1,0,0,0,0,0,0,0,0
2026-08-08T00:15:00.000+02:00,553,0,0,0,552.33,1,0,0,0,0,0,0,0,0,0,0,0,0
2026-08-08T00:30:00.000+02:00,580,0,0,0,579.33,1,0,0,0,0,0,0,0,0,0,0,0,0
2026-08-08T00:45:00.000+02:00,628,0,0,0,627.33,1,0,0,0,0,0,0,0,0,0,0,0,0
2026-08-08T01:00:00.000+02:00,615,0,0,0,614.67,1,0,0,0,0,0,0,0,0,0,0,0,0
2026-08-08T01:15:00.000+02:00,619,0,0,0,618,1,0,0,0,0,0,0,0,0,0,0,0,0
2026-08-08T01:30:00.000+02:00,574,0,0,0,573.33,1,0,0,0,0,0,0,0,0,0,0,0,0
2026-08-08T01:45:00.000+02:00,591,0,0,0,591,1,0,0,0,0,0,0,0,0,0,0,0,0
2026-08-08T02:00:00.000+02:00,558,0,0,0,557,1,0,0,0,0,0,0,0,0,0,0,0,0
2026-08-08T02:15:00.000+02:00,576,0,0,0,575.67,1,0,0,0,0,0,0,0,0,0,0,0,0
2026-08-08T02:30:00.000+02:00,551,0,0,0,550.67,1,0,0,0,0,0,0,0,0,0,0,0,0
2026-08-08T02:45:00.000+02:00,561,0,0,0,560.33,1,0,0,0,0,0,0,0,0,0,0,0,0
2026-08-08T03:00:00.000+02:00,595,0,0,0,594.67,1,0,0,0,0,0,0,0,0,0,0,0,0
2026-08-08T03:15:00.000+02:00,575,0,0,0,574.33,1,0,0,0,0,0,0,0,0,0,0,0,0
2026-08-08T03:30:00.000+02:00,585,0,0,0,584.67,1,0,0,0,0,0,0,0,0,0,0,0,0
2026-08-08T03:45:00.000+02:00,565,0,0,0,565.33,1,0,0,0,0,0,0,0,0,0,0,0,0
2026-08-08T04:00:00.000+02:00,605,0,0,0,604.33,1,0,0,0,0,0,0,0,0,0,0,0,0
2026-08-08T04:15:00.000+02:00,616,0,0,0,616,1,0,0,0,0,0,0,0,0,0,0,0,0
2026-08-08T04:30:00.000+02:00,631,0,0,0,630.33,1,0,0,0,0,0,0,0,0,0,0,0,0
2026-08-08T04:45:00.000+02:00,566,0,0,0,566,1,0,0,0,0,0,0,0,0,0,0,0,0
2026-08-08T05:00:00.000+02:00,569,0,0,0,569,1,0,0,0,0,0,0,0,0,0,0,0,0
2026-08-08T05:15:00.000+02:00,562,0,0,0,561.67,1,0,0,0,0,0,0,0,0,0,0,0,0
2026-08-08T05:30:00.000+02:00,713,0,0,0,712.67,1,0,0,0,0,0,0,0,0,0,0,0,0
2026-08-08T05:45:00.000+02:00,643,0,0,0,642.67,1,0,0,0,0,0,0,0,0,0,0,0,0
2026-08-08T06:00:00.000+02:00,742,0,0,0,741.33,1,0,0,75.67,1,0,0,0,0,0,0,0,0
2026-08-08T06:15:00.000+02:00,785,0,0,0,784.33,1,0.33,1,47.33,1,0,0,0,0,0,0,0,0
2026-08-08T06:30:00.000+02:00,783,1,0,0,782,1,1,1,48.67,1,0,0,0,0,0,0,0,0
2026-08-08T06:45:00.000+02:00,863,23,0,0,839,1,23,1,60,1,0,0,0,0,0,0,0,0
2026-08-08T07:00:00.000+02:00,815,185,0,0,628.67,1,185.33,1,56.67,1,0,0,0,0,0,0,0,0
2026-08-08T07:15:00.000+02:00,743,274,0,0,468,1,274.33,1,33,1,0,0,0,0,0,0,0,0
2026-08-08T07:30:00.000+02:00,797,368,0,0,429,1,367.67,1,66.33,1,0,0,0,0,0,0,0,0
2026-08-08T07:45:00.000+02:00,749,480,0,0,268.33,1,480,1,46.67,1,0,0,0,0,0,0,0,0
2026-08-08T08:00:00.000+02:00,735,596,0,0,138.67,1,596,1,58.33,1,0,0,0,0,0,0,0,0
2026-08-08T08:15:00.000+02:00,812,707,0,0,105,1,707,1,54,1,0,0,0,0,0,0,0,0
2026-08-08T08:30:00.000+02:00,757,857,0,0,-98.67,1,856.67,1,23.67,1,0,0,0,0,0,0,0,0
2026-08-08T08:45:00.000+02:00,776,1128,0,0,-352,1,1128.33,1,17,1,0,0,0,0,0,0,0,0
2026-08-08T09:00:00.000+02:00,1077,1274,0,0,-196,1,1274,1,19.33,1,0,0,0,0,0,0,0,0
2026-08-08T09:15:00.000+02:00,2854,1424,0,0,1429.67,1,1424,1,10,1,0,0,0,0,0,0,0,0
2026-08-08T09:30:00.000+02:00,878,1552,0,0,-673,1,1551.67,1,5.67,1,0,0,0,0,0,0,0,0
2026-08-08T09:45:00.000+02:00,979,1624,0,0,-645.33,1,1624.33,1,0,1,68.67,1,0,0,0,0,0,0
2026-08-08T10:00:00.000+02:00,1938,1785,0,0,152.33,1,1785.33,1,0,1,11.33,1,981,1,0,0,0,0
2026-08-08T10:15:00.000+02:00,3498,1912,0,0,1585.33,1,1912.33,1,0,0,0,1,1424,1,0,0,0,0
2026-08-08T10:30:00.000+02:00,2852,2022,0,0,830,1,2021.67,1,0,0,0,1,1424,1,0,0,0,0
2026-08-08T10:45:00.000+02:00,1915,2121,0,0,-205.67,1,2121.33,1,0,0,0,1,1157.33,1,0,0,0,0
2026-08-08T11:00:00.000+02:00,721,2203,0,0,-1481.67,1,2203.33,1,19,1,0,1,0,0,0,0,0,0
2026-08-08T11:15:00.000+02:00,710,2276,0,0,-1566,1,2276.33,1,0,1,0,1,0,0,0,0,0,0
2026-08-08T11:30:00.000+02:00,705,2346,0,0,-1640.67,1,2346.33,1,0,1,0,1,0,0,0,0,0,0
2026-08-08T11:45:00.000+02:00,758,2397,0,0,-1637.33,1,2396.67,1,0,1,0,1,0,0,0,0,0,0
2026-08-08T12:00:00.000+02:00,739,2452,0,0,-1712.33,1,2451.67,1,0,1,0,1,0,0,0,0,0,0
2026-08-08T12:15:00.000+02:00,742,2491,0,0,-1748.67,1,2491,1,0,1,0,1,0,0,0,0,0,0
2026-08-08T12:30:00.000+02:00,687,2510,0,0,-1822.33,1,2510,1,0,1,0,1,0,0,0,0,0,0
2026-08-08T12:45:00.000+02:00,674,2556,0,0,-1881.67,1,2556,1,0,1,0,1,0,0,0,0,0,0
2026-08-08T13:00:00.000+02:00,664,2593,0,0,-1928,1,2592.67,1,0,1,0,1,0,0,0,0,0,0
2026-08-08T13:15:00.000+02:00,704,2618,0,0,-1913.67,1,2618.33,1,16.67,1,0,1,0,0,0,0,0,0
2026-08-08T13:30:00.000+02:00,644,2589,0,0,-1945,1,2589.33,1,0,1,0,1,0,0,0,0,0,0
2026-08-08T13:45:00.000+02:00,670,2577,0,0,-1906.67,1,2577.33,1,0,1,0,1,0,0,0,0,0,0
2026-08-08T14:00:00.000+02:00,668,2553,0,0,-1884.67,1,2552.67,1,0,1,0,1,0,0,0,0,0,0
2026-08-08T14:15:00.000+02:00,703,2526,0,0,-1822.67,1,2525.67,1,0,1,0,1,0,0,0,0,0,0
2026-08-08T14:30:00.000+02:00,665,2484,0,0,-1818.33,1,2483.67,1,0,1,10.33,1,0,0,0,0,0,0
2026-08-08T14:45:00.000+02:00,675,2458,0,0,-1782.67,1,2458,1,0,1,0,1,0,0,0,0,0,0
2026-08-08T15:00:00.000+02:00,691,2406,0,0,-1714.67,1,2406,1,0,1,0,1,0,0,0,0,0,0
2026-08-08T15:15:00.000+02:00,720,2348,0,0,-1628.33,1,2348.33,1,0,1,0,1,0,0,0,0,0,0
2026-08-08T15:30:00.000+02:00,654,2275,0,0,-1620.33,1,2274.67,1,0,1,0,1,0,0,0,0,0,0
2026-08-08T15:45:00.000+02:00,647,2203,0,0,-1555.67,1,2203,1,0,1,0,1,0,0,0,0,0,0
2026-08-08T16:00:00.000+02:00,652,2129,0,0,-1476.33,1,2128.67,1,0,1,0,1,0,0,0,0,0,0
2026-08-08T16:15:00.000+02:00,661,2037,0,0,-1375.33,1,2036.67,1,0,1,0,1,0,0,0,0,0,0
2026-08-08T16:30:00.000+02:00,625,1934,0,0,-1308,1,1934,1,0,1,0,1,0,0,0,0,0,0
2026-08-08T16:45:00.000+02:00,629,1833,0,0,-1203.33,1,1832.67,1,0,1,0,1,0,0,0,0,0,0
2026-08-08T17:00:00.000+02:00,654,1705,0,0,-1050.33,1,1704.67,1,0,1,0,1,0,0,0,0,0,0
2026-08-08T17:15:00.000+02:00,711,1593,0,0,-881,1,1592.67,1,0,1,0,1,0,0,0,0,0,0
2026-08-08T17:30:00.000+02:00,690,1471,0,0,-779.67,1,1470.67,1,0,1,0,1,0,0,0,0,0,0
2026-08-08T17:45:00.000+02:00,681,1339,0,0,-657.67,1,1339,1,0,1,0,1,0,0,0,0,0,0
2026-08-08T18:00:00.000+02:00,662,1200,0,0,-538.33,1,1200.33,1,0,1,0,1,0,0,0,0,0,0
2026-08-08T18:15:00.000+02:00,693,1050,0,0,-356.67,1,1050.33,1,0,1,0,1,0,0,0,0,0,0
2026-08-08T18:30:00.000+02:00,1848,906,0,0,943,1,905.67,1,0,1,0,1,1105.67,1,0,0,0,0
2026-08-08T18:45:00.000+02:00,2927,761,0,0,2165.67,1,761,1,0,1,0,1,1424.33,1,0,0,0,0
2026-08-08T19:00:00.000+02:00,2365,619,0,0,1745.67,1,619.33,1,0,1,0,1,1426.33,1,0,0,0,0
2026-08-08T19:15:00.000+02:00,1217,486,0,0,730.67,1,486,1,0,1,0,1,475.67,1,0,0,0,0
2026-08-08T19:30:00.000+02:00,862,360,0,0,501,1,360,1,0,1,0,1,0,0,0,0,0,0
2026-08-08T19:45:00.000+02:00,2440,252,0,0,2187.67,1,251.67,1,0,1,25.67,1,0,0,0,0,0,0
2026-08-08T20:00:00.000+02:00,2723,128,0,0,2594.33,1,128,1,0,1,105.67,1,0,0,0,0,0,0
2026-08-08T20:15:00.000+02:00,1383,44,0,0,1338.33,1,43.67,1,0,1,17,1,0,0,0,0,0,0
2026-08-08T20:30:00.000+02:00,1259,0,0,0,1258,1,0.33,1,74.33,1,0,1,0,0,0,0,0,0
2026-08-08T20:45:00.000+02:00,923,0,0,0,922.67,1,0,0,92.33,1,0,1,0,0,0,0,0,0
2026-08-08T21:00:00.000+02:00,821,0,0,0,820,1,0,0,12.33,1,0,1,0,0,0,0,0,0
2026-08-08T21:15:00.000+02:00,779,0,0,0,778.67,1,0,0,0,0,0,1,0,0,0,0,0,0
2026-08-08T21:30:00.000+02:00,785,0,0,0,784.33,1,0,0,0,0,0,1,0,0,0,0,0,0
2026-08-08T21:45:00.000+02:00,716,0,0,0,715,1,0,0,0,0,0,1,0,0,0,0,0,0
2026-08-08T22:00:00.000+02:00,629,0,0,0,628.67,1,0,0,0,0,0,0,0,0,0,0,0,0
2026-08-08T22:15:00.000+02:00,623,0,0,0,622.33,1,0,0,0,0,0,0,0,0,0,0,0,0
2026-08-08T22:30:00.000+02:00,686,0,0,0,685,1,0,0,0,0,0,0,0,0,0,0,0,0
2026-08-08T22:45:00.000+02:00,684,0,0,0,683.33,1,0,0,0,0,0,0,0,0,0,0,0,0
2026-08-08T23:00:00.000+02:00,675,0,0,0,673.67,1,0,0,0,0,0,0,0,0,0,0,0,0
2026-08-08T23:15:00.000+02:00,649,0,0,0,649.33,1,0,0,0,0,0,0,0,0,0,0,0,0
2026-08-08T23:30:00.000+02:00,661,0,0,0,660.33,1,0,0,0,0,0,0,0,0,0,0,0,0
2026-08-08T23:45:00.000+02:00,660,0,0,0,660,1,0,0,0.33,1,0,0,0,0,0,0,0,0
2026-08-09T00:00:00.000+02:00,622,0,0,0,622,1,0,0,5,1,0,0,0,0,0,0,0,0
2026-08-09T00:15:00.000+02:00,627,0,0,0,626.67,1,0,0,0,0,0,0,0,0,0,0,0,0
2026-08-09T00:30:00.000+02:00,635,0,0,0,634.67,1,0,0,0,0,0,0,0,0,0,0,0,0
2026-08-09T00:45:00.000+02:00,660,0,0,0,659.67,1,0,0,0,0,0,0,0,0,0,0,0,0
2026-08-09T01:00:00.000+02:00,613,0,0,0,612.33,1,0,0,0,0,0,0,0,0,0,0,0,0
2026-08-09T01:15:00.000+02:00,605,0,0,0,603.67,1,0,0,0,0,0,0,0,0,0,0,0,0
2026-08-09T01:30:00.000+02:00,632,0,0,0,631,1,0,0,0,0,0,0,0,0,0,0,0,0
2026-08-09T01:45:00.000+02:00,697,0,0,0,696.33,1,0,0,0,0,0,0,0,0,0,0,0,0
2026-08-09T02:00:00.000+02:00,681,0,0,0,680.33,1,0,0,0,0,0,0,0,0,0,0,0,0
2026-08-09T02:15:00.000+02:00,666,0,0,0,666.33,1,0,0,0,0,0,0,0,0,0,0,0,0
2026-08-09T02:30:00.000+02:00,646,0,0,0,645.33,1,0,0,0,0,0,0,0,0,0,0,0,0
2026-08-09T02:45:00.000+02:00,662,0,0,0,661,1,0,0,0,0,0,0,0,0,0,0,0,0
2026-08-09T03:00:00.000+02:00,575,0,0,0,574.33,1,0,0,0,0,0,0,0,0,0,0,0,0
2026-08-09T03:15:00.000+02:00,558,0,0,0,557.33,1,0,0,0,0,0,0,0,0,0,0,0,0
2026-08-09T03:30:00.000+02:00,541,0,0,0,540.33,1,0,0,0,0,0,0,0,0,0,0,0,0
2026-08-09T03:45:00.000+02:00,599,0,0,0,598,1,0,0,0,0,0,0,0,0,0,0,0,0
2026-08-09T04:00:00.000+02:00,581,0,0,0,580.67,1,0,0,0,0,0,0,0,0,0,0,0,0
2026-08-09T04:15:00.000+02:00,586,0,0,0,586,1,0,0,0,0,0,0,0,0,0,0,0,0
2026-08-09T04:30:00.000+02:00,555,0,0,0,554.67,1,0,0,0,0,0,0,0,0,0,0,0,0
2026-08-09T04:45:00.000+02:00,602,0,0,0,601.67,1,0,0,0,0,0,0,0,0,0,0,0,0
2026-08-09T05:00:00.000+02:00,603,0,0,0,603,1,0,0,0,0,0,0,0,0,0,0,0,0
2026-08-09T05:15:00.000+02:00,624,0,0,0,623.33,1,0,0,0,0,0,0,0,0,0,0,0,0
2026-08-09T05:30:00.000+02:00,608,0,0,0,608,1,0,0,0,0,0,0,0,0,0,0,0,0
2026-08-09T05:45:00.000+02:00,566,0,0,0,565.33,1,0,0,0,0,0,0,0,0,0,0,0,0
2026-08-09T06:00:00.000+02:00,967,0,0,0,966.33,1,0,0,24,1,260,1,0,0,0,0,0,0
2026-08-09T06:15:00.000+02:00,1596,0,0,0,1595.33,1,0,0,16,1,930.33,1,0,0,0,0,0,0
2026-08-09T06:30:00.000+02:00,1546,1,0,0,1545,1,1,1,0,1,924.67,1,0,0,0,0,0,0
2026-08-09T06:45:00.000+02:00,1596,36,0,0,1559.67,1,36,1,0,1,922.33,1,0,0,0,0,0,0
2026-08-09T07:00:00.000+02:00,1042,176,0,0,869.33,1,177.67,1,0,1,441,1,0,0,0,0,0,0
2026-08-09T07:15:00.000+02:00,668,280,0,0,388.33,1,280,1,0,1,0,1,0,0,0,0,0,0
2026-08-09T07:30:00.000+02:00,652,397,0,0,255,1,397.33,1,0,1,29.67,1,0,0,0,0,0,0
2026-08-09T07:45:00.000+02:00,793,522,0,0,270.67,1,521.67,1,0,1,180,1,0,0,0,0,0,0
2026-08-09T08:00:00.000+02:00,1189,552,0,0,636.67,1,551.67,1,0,1,0,1,0,0,0,0,0,0
2026-08-09T08:15:00.000+02:00,1565,663,0,0,900.33,1,663.33,1,0,1,0,1,0,0,0,0,0,0
2026-08-09T08:30:00.000+02:00,956,890,0,0,66.33,1,889.67,1,0,1,0,1,0,0,0,0,0,0
2026-08-09T08:45:00.000+02:00,950,966,0,0,-16.33,1,966,1,0,1,0.67,1,0,0,0,0,0,0
2026-08-09T09:00:00.000+02:00,1063,1110,0,0,-46.33,1,1109.67,1,5.67,1,0,1,0,0,0,0,0,0
2026-08-09T09:15:00.000+02:00,1668,1237,0,0,430,1,1237.33,1,0,1,0,1,726.67,1,0,0,0,0
2026-08-09T09:30:00.000+02:00,3668,1502,0,0,2165.67,1,1502,1,0,0,0,1,1422,1,0,0,0,0
2026-08-09T09:45:00.000+02:00,2326,1661,0,0,664.33,1,1660.67,1,0,0,0,1,1423,1,0,0,0,0
2026-08-09T10:00:00.000+02:00,2374,1744,0,0,630,1,1744,1,0,0,1.33,1,1424,1,0,0,0,0
2026-08-09T10:15:00.000+02:00,2291,1939,0,0,351.33,1,1939,1,0,0,0,1,1424.67,1,0,0,0,0
2026-08-09T10:30:00.000+02:00,2330,1474,0,0,855.33,1,1474,1,0,0,0,1,1424.33,1,0,0,0,0
2026-08-09T10:45:00.000+02:00,2977,1638,0,0,1339.33,1,1637.67,1,0,0,0,1,1424,1,0,0,0,0
2026-08-09T11:00:00.000+02:00,3936,2111,0,0,1823.67,1,2111.33,1,0,0,0,1,1425.67,1,0,0,0,0
2026-08-09T11:15:00.000+02:00,3979,2181,0,0,1797.67,1,2181,1,0,0,0,1,1427,1,0,0,0,0
2026-08-09T11:30:00.000+02:00,2863,2241,0,0,621.67,1,2241.33,1,0,0,1.67,1,1427,1,0,0,0,0
2026-08-09T11:45:00.000+02:00,2183,2292,0,0,-108.33,1,2292,1,0,0,0,1,1428,1,0,0,0,0
2026-08-09T12:00:00.000+02:00,3646,2344,0,0,1302,1,2344,1,0,0,0,1,1430.67,1,0,0,0,0
2026-08-09T12:15:00.000+02:00,6814,2396,0,0,4417,1,2396.33,1,0,0,0,1,1429.67,1,0,0,0,0
2026-08-09T12:30:00.000+02:00,3650,2421,0,0,1229,1,2420.67,1,0,0,0,1,1435,1,0,0,0,0
2026-08-09T12:45:00.000+02:00,2501,2457,0,0,43.67,1,2457.33,1,0,0,0,1,1447,1,0,0,0,0
2026-08-09T13:00:00.000+02:00,2366,2443,0,0,-76.67,1,2442.67,1,0,0,0,1,1453,1,0,0,0,0
2026-08-09T13:15:00.000+02:00,2540,2450,0,0,89,1,2450,1,0,0,52.67,1,1468.67,1,0,0,0,0
2026-08-09T13:30:00.000+02:00,2776,2492,0,0,283,1,2492.33,1,0,0,0,1,1434,1,0,0,0,0
2026-08-09T13:45:00.000+02:00,4181,2570,0,0,1611.33,1,2569.67,1,0,0,0,1,1434.33,1,0,0,0,0
2026-08-09T14:00:00.000+02:00,4984,2506,0,0,2477,1,2506,1,0,0,0,1,1434.67,1,0,0,0,0
2026-08-09T14:15:00.000+02:00,3073,1938,0,0,1134.33,1,1938.33,1,0,0,0,1,1435,1,0,0,0,0
2026-08-09T14:30:00.000+02:00,3076,1774,0,0,1302,1,1773.67,1,0,0,128,1,1443,1,0,0,0,0
2026-08-09T14:45:00.000+02:00,2908,1184,0,0,1724,1,1183.67,1,0,0,0,1,1439,1,0,0,0,0
2026-08-09T15:00:00.000+02:00,4126,2340,0,0,1786.33,1,2339.67,1,0,0,0,1,1439,1,0,0,0,0
2026-08-09T15:15:00.000+02:00,2309,932,0,0,1376.33,1,931.67,1,0,0,0,1,1438.33,1,0,0,0,0
2026-08-09T15:30:00.000+02:00,2461,1064,0,0,1396.67,1,1064.33,1,0,0,0,1,239.33,1,0,0,0,0
2026-08-09T15:45:00.000+02:00,2253,975,0,0,1277.33,1,975,1,0,0,35.67,1,0,0,0,0,0,0
2026-08-09T16:00:00.000+02:00,1870,764,0,0,1105.33,1,764,1,0,0,0,1,0,0,0,0,0,0
2026-08-09T16:15:00.000+02:00,1863,679,0,0,1184,1,678.67,1,0,0,0,1,0,0,0,0,0,0
2026-08-09T16:30:00.000+02:00,2371,638,0,0,1733,1,637.67,1,0,0,0,1,0,0,0,0,0,0
2026-08-09T16:45:00.000+02:00,2351,395,0,0,1955.67,1,394.67,1,0,0,0,1,0,0,0,0,0,0
2026-08-09T17:00:00.000+02:00,911,706,0,0,205,1,705.67,1,0,0,0,1,0,0,0,0,0,0
2026-08-09T17:15:00.000+02:00,927,412,0,0,514.67,1,411.67,1,0,0,0,1,0,0,0,0,0,0
2026-08-09T17:30:00.000+02:00,1289,618,0,0,670.33,1,617.67,1,0,0,0,1,0,0,0,0,0,0
2026-08-09T17:45:00.000+02:00,776,508,0,0,267.33,1,508.33,1,0,0,0,1,0,0,0,0,0,0
2026-08-09T18:00:00.000+02:00,739,493,0,0,245.33,1,493.33,1,0,0,0,1,0,0,0,0,0,0
2026-08-09T18:15:00.000+02:00,804,1280,0,0,-475.67,1,1280,1,5.67,1,0,1,0,0,0,0,0,0
2026-08-09T18:30:00.000+02:00,811,883,0,0,-71.67,1,883,1,0,1,0,1,0,0,0,0,0,0
2026-08-09T18:45:00.000+02:00,733,708,0,0,24.67,1,708,1,0,0,0,1,0,0,0,0,0,0
2026-08-09T19:00:00.000+02:00,699,569,0,0,129.67,1,569.33,1,0,0,0,1,0,0,0,0,0,0
2026-08-09T19:15:00.000+02:00,718,437,0,0,280.33,1,437,1,0,0,0,1,0,0,0,0,0,0
2026-08-09T19:30:00.000+02:00,735,276,0,0,459,1,275.67,1,0,0,0,1,0,0,0,0,0,0
2026-08-09T19:45:00.000+02:00,655,167,0,0,487.67,1,167.33,1,0,1,0,1,0,0,0,0,0,0
2026-08-09T20:00:00.000+02:00,855,8,0,0,846,1,8.33,1,5.67,1,105.67,1,0,0,0,0,0,0
2026-08-09T20:15:00.000+02:00,1039,1,0,0,1037.67,1,0.67,1,0,1,323.33,1,0,0,0,0,0,0
2026-08-09T20:30:00.000+02:00,874,0,0,0,873.33,1,0.33,1,0,1,0,1,0,0,0,0,0,0
2026-08-09T20:45:00.000+02:00,882,0,0,0,881.33,1,0,0,0,1,0,1,0,0,0,0,0,0
2026-08-09T21:00:00.000+02:00,805,0,0,0,804.33,1,0,0,0,0,0,1,0,0,0,0,0,0
2026-08-09T21:15:00.000+02:00,700,0,0,0,699.67,1,0,0,0,0,0,1,0,0,0,0,0,0
2026-08-09T21:30:00.000+02:00,737,0,0,0,736.67,1,0,0,0,0,0,1,0,0,0,0,0,0
2026-08-09T21:45:00.000+02:00,718,0,0,0,718,1,0,0,0,0,0,1,0,0,0,0,0,0
2026-08-09T22:00:00.000+02:00,625,0,0,0,624.67,1,0,0,0,0,0,0,0,0,0,0,0,0
2026-08-09T22:15:00.000+02:00,596,0,0,0,595,1,0,0,0,0,0,0,0,0,0,0,0,0
2026-08-09T22:30:00.000+02:00,569,0,0,0,568.33,1,0,0,0,0,0,0,0,0,0,0,0,0
2026-08-09T22:45:00.000+02:00,599,0,0,0,599,1,0,0,0,0,0,0,0,0,0,0,0,0
2026-08-09T23:00:00.000+02:00,623,0,0,0,622,1,0,0,0,0,0,0,0,0,0,0,0,0
2026-08-09T23:15:00.000+02:00,632,0,0,0,631.67,1,0,0,0,0,0,0,0,0,0,0,0,0
2026-08-09T23:30:00.000+02:00,614,0,0,0,613.33,1,0,0,0,0,0,0,0,0,0,0,0,0
2026-08-09T23:45:00.000+02:00,637,0,0,0,636.33,1,0,0,1.33,1,0,0,0,0,0,0,0,0
2026-08-10T00:00:00.000+02:00,590,0,0,0,589.33,1,0,0,4.33,1,0,0,0,0,0,0,0,0
2026-08-10T00:15:00.000+02:00,1078,0,0,0,1077.67,1,0,0,0,0,0,0,0,0,0,0,0,0
2026-08-10T00:30:00.000+02:00,2166,0,0,0,2166,1,0,0,0,0,0,0,0,0,0,0,0,0
2026-08-10T00:45:00.000+02:00,658,0,0,0,657.67,1,0,0,0,0,0,0,0,0,0,0,0,0
2026-08-10T01:00:00.000+02:00,688,0,0,0,687.33,1,0,0,0,0,0,0,0,0,0,0,0,0
2026-08-10T01:15:00.000+02:00,626,0,0,0,625.33,1,0,0,0,0,0,0,0,0,0,0,0,0
2026-08-10T01:30:00.000+02:00,2066,0,0,0,2066,1,0,0,0,0,0,0,0,0,0,0,0,0
2026-08-10T01:45:00.000+02:00,739,0,0,0,738.33,1,0,0,0,0,0,0,0,0,0,0,0,0
2026-08-10T02:00:00.000+02:00,616,0,0,0,615.67,1,0,0,0,0,0,0,0,0,0,0,0,0
2026-08-10T02:15:00.000+02:00,570,0,0,0,569.67,1,0,0,0,0,0,0,0,0,0,0,0,0
2026-08-10T02:30:00.000+02:00,594,0,0,0,594,1,0,0,0,0,0,0,0,0,0,0,0,0
2026-08-10T02:45:00.000+02:00,580,0,0,0,579.33,1,0,0,0,0,0,0,0,0,0,0,0,0
2026-08-10T03:00:00.000+02:00,581,0,0,0,580,1,0,0,0,0,0,0,0,0,0,0,0,0
2026-08-10T03:15:00.000+02:00,529,0,0,0,528.33,1,0,0,0,0,0,0,0,0,0,0,0,0
2026-08-10T03:30:00.000+02:00,559,0,0,0,558.33,1,0,0,0,0,0,0,0,0,0,0,0,0
2026-08-10T03:45:00.000+02:00,625,0,0,0,624.33,1,0,0,0,0,0,0,0,0,0,0,0,0
2026-08-10T04:00:00.000+02:00,633,0,0,0,632.33,1,0,0,0,0,0,0,0,0,0,0,0,0
2026-08-10T04:15:00.000+02:00,584,0,0,0,583.33,1,0,0,0,0,0,0,0,0,0,0,0,0
2026-08-10T04:30:00.000+02:00,602,0,0,0,601.67,1,0,0,0,0,0,0,0,0,0,0,0,0
2026-08-10T04:45:00.000+02:00,574,0,0,0,573.67,1,0,0,0,0,0,0,0,0,0,0,0,0
2026-08-10T05:00:00.000+02:00,575,0,0,0,574.67,1,0,0,0,0,0,0,0,0,0,0,0,0
2026-08-10T05:15:00.000+02:00,613,0,0,0,612.67,1,0,0,0,0,0,0,0,0,0,0,0,0
2026-08-10T05:30:00.000+02:00,1456,0,0,0,1455.67,1,0,0,0,0,653.33,1,0,0,0,0,0,0
2026-08-10T05:45:00.000+02:00,1674,0,0,0,1672.67,1,0,0,0,1,927,1,0,0,0,0,0,0
2026-08-10T06:00:00.000+02:00,1060,0,0,0,1059.33,1,0,0,5.67,1,307.67,1,0,0,0,0,0,0
2026-08-10T06:15:00.000+02:00,1670,0,0,0,1669.67,1,0,0,0,1,924,1,0,0,0,0,0,0
2026-08-10T06:30:00.000+02:00,2796,1,0,0,2793.67,1,1,1,0,1,890,1,0,0,0,0,0,0
2026-08-10T06:45:00.000+02:00,2631,58,0,0,2572.67,1,57.67,1,0,1,0,1,0,0,0,0,0,0
2026-08-10T07:00:00.000+02:00,2534,182,0,0,2351.33,1,182.33,1,0,1,0,1,0,0,0,0,0,0
2026-08-10T07:15:00.000+02:00,823,274,0,0,549.33,1,274,1,0,1,0,1,0,0,0,0,0,0
2026-08-10T07:30:00.000+02:00,908,348,0,0,560.33,1,347.67,1,0,1,51.67,1,0,0,0,0,0,0
2026-08-10T07:45:00.000+02:00,827,458,0,0,368.67,1,457.67,1,0,1,31,1,0,0,0,0,0,0
2026-08-10T08:00:00.000+02:00,723,545,0,0,177,1,545.33,1,0,1,45,1,0,0,0,0,0,0
2026-08-10T08:15:00.000+02:00,726,632,0,0,94,1,632,1,0,1,39.33,1,0,0,0,0,0,0
2026-08-10T08:30:00.000+02:00,2250,778,0,0,1471.33,1,777.67,1,0,1,0,1,0,0,0,0,0,0
2026-08-10T08:45:00.000+02:00,836,1032,0,0,-196,1,1032.33,1,0,1,0,1,0,0,0,0,0,0
2026-08-10T09:00:00.000+02:00,847,1178,0,0,-329.67,1,1178,1,0,1,0,1,0,0,0,0,0,0
2026-08-10T09:15:00.000+02:00,872,1335,0,0,-462,1,1334.67,1,0,1,0,1,0,0,0,0,0,0
2026-08-10T09:30:00.000+02:00,851,1456,0,0,-604.67,1,1456.33,1,0,1,0,1,0,0,0,0,0,0
2026-08-10T09:45:00.000+02:00,791,1653,0,0,-862,1,1653.33,1,0,1,0,1,0,0,0,0,0,0
2026-08-10T10:00:00.000+02:00,783,1304,0,0,-520.33,1,1304,1,0,1,0,1,0,0,0,0,0,0
2026-08-10T10:15:00.000+02:00,754,1249,0,0,-494.33,1,1248.67,1,0,1,0,1,0,0,0,0,0,0
2026-08-10T10:30:00.000+02:00,709,1515,0,0,-805.33,1,1515,1,0,1,0,1,0,0,0,0,0,0
2026-08-10T10:45:00.000+02:00,703,1530,0,0,-826.67,1,1530.33,1,0,1,0,1,0,0,0,0,0,0
2026-08-10T11:00:00.000+02:00,683,1888,0,0,-1205,1,1888,1,5.67,1,0,1,0,0,0,0,0,0
2026-08-10T11:15:00.000+02:00,671,2403,0,0,-1731,1,2403,1,0,1,0,1,0,0,0,0,0,0
2026-08-10T11:30:00.000+02:00,710,2071,0,0,-1359.67,1,2070.67,1,0,1,0,1,31.33,1,0,0,0,0
2026-08-10T11:45:00.000+02:00,2120,1366,0,0,754,1,1365.67,1,0,1,0,1,1425.33,1,0,0,0,0
2026-08-10T12:00:00.000+02:00,2288,2236,0,0,51.67,1,2236,1,0,0,0,1,1624.33,1,0,0,0,0
2026-08-10T12:15:00.000+02:00,2243,2257,0,0,-14,1,2257.33,1,0,0,0,1,1583.33,1,0,0,0,0
2026-08-10T12:30:00.000+02:00,2453,2456,0,0,-2,1,2456,1,0,0,1,1,1836,1,0,0,0,0
2026-08-10T12:45:00.000+02:00,2378,2161,0,0,217,1,2161,1,0,0,0,1,1597.33,1,0,0,0,0
2026-08-10T13:00:00.000+02:00,2165,1346,0,0,818.67,1,1346.33,1,0,0,0,1,1467.33,1,0,0,0,0
2026-08-10T13:15:00.000+02:00,1020,950,0,0,70.33,1,950.33,1,5.67,1,0,1,325.33,1,0,0,0,0
2026-08-10T13:30:00.000+02:00,665,1670,0,0,-1005.33,1,1670,1,0,1,0,1,0,0,0,0,0,0
2026-08-10T13:45:00.000+02:00,684,1187,0,0,-503.33,1,1187.33,1,0,1,0,1,0,0,0,0,0,0
2026-08-10T14:00:00.000+02:00,659,1595,0,0,-935.67,1,1594.67,1,0,1,0,1,0,0,0,0,0,0
2026-08-10T14:15:00.000+02:00,675,1876,0,0,-1201.33,1,1876.33,1,0,1,0,1,0,0,0,0,0,0
2026-08-10T14:30:00.000+02:00,665,1770,0,0,-1104.67,1,1770,1,0,1,0,1,0,0,0,0,0,0
2026-08-10T14:45:00.000+02:00,699,2643,0,0,-1944.67,1,2643.33,1,0,1,0,1,0,0,0,0,0,0
2026-08-10T15:00:00.000+02:00,659,1639,0,0,-979.33,1,1638.67,1,0,1,0,1,0,0,0,0,0,0
2026-08-10T15:15:00.000+02:00,691,2523,0,0,-1830.67,1,2522.67,1,0,1,0,1,0,0,0,0,0,0
2026-08-10T15:30:00.000+02:00,685,2349,0,0,-1664,1,2349,1,0,1,0,1,0,0,0,0,0,0
2026-08-10T15:45:00.000+02:00,723,1485,0,0,-761.33,1,1484.67,1,0,1,0,1,0,0,0,0,0,0
2026-08-10T16:00:00.000+02:00,743,2142,0,0,-1398,1,2141.67,1,0,1,0,1,0,0,0,0,0,0
2026-08-10T16:15:00.000+02:00,719,2023,0,0,-1304,1,2023.33,1,0,1,0,1,0,0,0,0,0,0
2026-08-10T16:30:00.000+02:00,717,728,0,0,-11,1,728,1,0,1,0,1,0,0,0,0,0,0
2026-08-10T16:45:00.000+02:00,677,793,0,0,-116.33,1,793,1,0.33,1,0,1,0,0,0,0,0,0
2026-08-10T17:00:00.000+02:00,690,1626,0,0,-934.67,1,1626,1,5.33,1,0,1,0,0,0,0,0,0
2026-08-10T17:15:00.000+02:00,637,1671,0,0,-1034,1,1671,1,0,1,0,1,0,0,0,0,0,0
2026-08-10T17:30:00.000+02:00,694,1537,0,0,-842.33,1,1537,1,0,1,0,1,0,0,0,0,0,0
2026-08-10T17:45:00.000+02:00,689,1315,0,0,-625.33,1,1314.67,1,0,1,2,1,0,0,0,0,0,0
2026-08-10T18:00:00.000+02:00,689,967,0,0,-277.67,1,966.67,1,0,1,0,1,0,0,0,0,0,0
2026-08-10T18:15:00.000+02:00,673,302,0,0,370.67,1,301.67,1,0,0,0,1,0,0,0,0,0,0
2026-08-10T18:30:00.000+02:00,730,329,0,0,401,1,328.67,1,0,0,0,1,0,0,0,0,0,0
2026-08-10T18:45:00.000+02:00,820,212,0,0,607.33,1,212.33,1,0,0,92.33,1,0,0,0,0,0,0
2026-08-10T19:00:00.000+02:00,831,118,0,0,713,1,117.67,1,0,0,40,1,0,0,0,0,0,0
2026-08-10T19:15:00.000+02:00,777,101,0,0,674.33,1,101.33,1,0,0,26.67,1,0,0,0,0,0,0
2026-08-10T19:30:00.000+02:00,806,114,0,0,691.33,1,113.67,1,0,0,0,1,0,0,0,0,0,0
2026-08-10T19:45:00.000+02:00,764,52,0,0,710.67,1,52.33,1,0,1,0,1,0,0,0,0,0,0
2026-08-10T20:00:00.000+02:00,727,2,0,0,724,1,2,1,5.67,1,0,1,0,0,0,0,0,0
2026-08-10T20:15:00.000+02:00,682,0,0,0,681.67,1,0.33,1,0,1,0,1,0,0,0,0,0,0
2026-08-10T20:30:00.000+02:00,683,0,0,0,683,1,0,0,0,1,0,1,0,0,0,0,0,0
2026-08-10T20:45:00.000+02:00,673,0,0,0,672,1,0,0,0,1,0,1,0,0,0,0,0,0
2026-08-10T21:00:00.000+02:00,701,0,0,0,700.67,1,0,0,0,0,0,1,0,0,0,0,0,0
2026-08-10T21:15:00.000+02:00,692,0,0,0,692,1,0,0,0,0,0,1,0,0,0,0,0,0
2026-08-10T21:30:00.000+02:00,726,0,0,0,725,1,0,0,0,0,0,1,0,0,0,0,0,0
2026-08-10T21:45:00.000+02:00,687,0,0,0,686.67,1,0,0,0,0,0,1,0,0,0,0,0,0
2026-08-10T22:00:00.000+02:00,651,0,0,0,650,1,0,0,0,0,0,0,0,0,0,0,0,0
2026-08-10T22:15:00.000+02:00,617,0,0,0,616.67,1,0,0,0,0,0,0,0,0,0,0,0,0
2026-08-10T22:30:00.000+02:00,585,0,0,0,584.67,1,0,0,0,0,0,0,0,0,0,0,0,0
2026-08-10T22:45:00.000+02:00,591,0,0,0,590.33,1,0,0,0,0,0,0,0,0,0,0,0,0
2026-08-10T23:00:00.000+02:00,556,0,0,0,555.33,1,0,0,0,0,0,0,0,0,0,0,0,0
2026-08-10T23:15:00.000+02:00,544,0,0,0,544,1,0,0,0,0,0,0,0,0,0,0,0,0
2026-08-10T23:30:00.000+02:00,547,0,0,0,546.67,1,0,0,0,0,0,0,0,0,0,0,0,0
2026-08-10T23:45:00.000+02:00,597,0,0,0,596.67,1,0,0,1.33,1,0,0,0,0,0,0,0,0
2026-08-11T00:00:00.000+02:00,603,0,0,0,602.33,1,0,0,4.33,1,0,0,0,0,0,0,0,0
2026-08-11T00:15:00.000+02:00,602,0,0,0,601,1,0,0,0,0,0,0,0,0,0,0,0,0
2026-08-11T00:30:00.000+02:00,571,0,0,0,570.67,1,0,0,0,0,0,0,0,0,0,0,0,0
2026-08-11T00:45:00.000+02:00,611,0,0,0,610.33,1,0,0,0,0,0,0,0,0,0,0,0,0
2026-08-11T01:00:00.000+02:00,591,0,0,0,590.33,1,0,0,0,0,0,0,0,0,0,0,0,0
2026-08-11T01:15:00.000+02:00,559,0,0,0,558.33,1,0,0,0,0,0,0,0,0,0,0,0,0
2026-08-11T01:30:00.000+02:00,548,0,0,0,547.67,1,0,0,0,0,0,0,0,0,0,0,0,0
2026-08-11T01:45:00.000+02:00,588,0,0,0,588,1,0,0,0,0,0,0,0,0,0,0,0,0
2026-08-11T02:00:00.000+02:00,571,0,0,0,570,1,0,0,0,0,0,0,0,0,0,0,0,0
2026-08-11T02:15:00.000+02:00,541,0,0,0,541,1,0,0,0,0,0,0,0,0,0,0,0,0
2026-08-11T02:30:00.000+02:00,528,0,0,0,526.67,1,0,0,0,0,0,0,0,0,0,0,0,0
2026-08-11T02:45:00.000+02:00,592,0,0,0,592,1,0,0,0,0,0,0,0,0,0,0,0,0
2026-08-11T03:00:00.000+02:00,613,0,0,0,612.67,1,0,0,0,0,0,0,0,0,0,0,0,0
2026-08-11T03:15:00.000+02:00,604,0,0,0,603.33,1,0,0,0,0,0,0,0,0,0,0,0,0
2026-08-11T03:30:00.000+02:00,602,0,0,0,601,1,0,0,0,0,0,0,0,0,0,0,0,0
2026-08-11T03:45:00.000+02:00,616,0,0,0,615.33,1,0,0,0,0,0,0,0,0,0,0,0,0
2026-08-11T04:00:00.000+02:00,653,0,0,0,652.33,1,0,0,0,0,0,0,0,0,0,0,0,0
2026-08-11T04:15:00.000+02:00,532,0,0,0,532,1,0,0,0,0,0,0,0,0,0,0,0,0
2026-08-11T04:30:00.000+02:00,554,0,0,0,553.67,1,0,0,0,0,0,0,0,0,0,0,0,0
2026-08-11T04:45:00.000+02:00,571,0,0,0,570,1,0,0,0,0,0,0,0,0,0,0,0,0
2026-08-11T05:00:00.000+02:00,731,0,0,0,730.33,1,0,0,0,0,0,0,0,0,0,0,0,0
2026-08-11T05:15:00.000+02:00,724,0,0,0,724,1,0,0,0,0,0,0,0,0,0,0,0,0
2026-08-11T05:30:00.000+02:00,703,0,0,0,702.33,1,0,0,0,0,0,0,0,0,0,0,0,0
2026-08-11T05:45:00.000+02:00,757,0,0,0,756.33,1,0,0,0,1,0,0,0,0,0,0,0,0
2026-08-11T06:00:00.000+02:00,805,0,0,0,804.33,1,0,0,5.67,1,0,0,0,0,0,0,0,0
2026-08-11T06:15:00.000+02:00,824,0,0,0,823.33,1,0,0,0,1,0,0,0,0,0,0,0,0
2026-08-11T06:30:00.000+02:00,1881,1,0,0,1880.67,1,0.67,1,0,1,0,0,0,0,0,0,0,0
2026-08-11T06:45:00.000+02:00,3014,2,0,0,3011.67,1,1.67,1,0,1,0,0,0,0,0,0,0,0
2026-08-11T07:00:00.000+02:00,2993,45,0,0,2947.67,1,45.33,1,0,1,0,0,0,0,0,0,0,0
2026-08-11T07:15:00.000+02:00,776,0,0,0,775.33,1,0,0,0,1,0,0,0,0,0,0,0,0
2026-08-11T07:30:00.000+02:00,775,0,0,0,774.33,1,0,0,0,1,0,0,0,0,0,0,0,0
2026-08-11T07:45:00.000+02:00,731,0,0,0,730.67,1,0,0,0,1,0,0,0,0,0,0,0,0
2026-08-11T11:00:00.000+02:00,1295,0,0,0,1444,1,0,0,3,1,0,0,0,0,0,0,0,0
2026-08-11T11:15:00.000+02:00,973,0,0,0,972,1,0,0,0,0,0,0,0,0,0,0,0,0
2026-08-11T11:30:00.000+02:00,909,0,0,0,908.67,1,0,0,0,0,0,0,0,0,0,0,0,0
2026-08-11T11:45:00.000+02:00,858,0,0,0,857,1,0,0,0,1,0,0,0,0,0,0,0,0
2026-08-11T12:00:00.000+02:00,800,0,0,0,799.33,1,0,0,5.33,1,0,0,0,0,0,0,0,0
2026-08-11T12:15:00.000+02:00,784,0,0,0,783.33,1,0,0,0,1,0,0,0,0,0,0,0,0
2026-08-11T12:30:00.000+02:00,797,0,0,0,796,1,0,0,0,1,0,0,0,0,0,0,0,0
2026-08-11T12:45:00.000+02:00,760,0,0,0,760,1,0,0,0,1,0,0,0,0,0,0,0,0
2026-08-11T13:00:00.000+02:00,773,0,0,0,772,1,0,0,0,1,0,0,0,0,0,0,0,0
2026-08-11T13:15:00.000+02:00,831,0,0,0,830,1,0,0,0,1,0,0,0,0,0,0,0,0
2026-08-11T13:30:00.000+02:00,732,0,0,0,738.33,1,0,0,0,1,0,0,0,0,0,0,0,0
2026-08-11T13:45:00.000+02:00,719,0,0,0,718,1,0,0,0,0,0,0,0,0,0,0,0,0
2026-08-11T14:00:00.000+02:00,710,0,0,0,709.33,1,0,0,0,0,0,0,0,0,0,0,0,0
2026-08-11T14:15:00.000+02:00,711,0,0,0,710,1,0,0,0,0,0,0,0,0,0,0,0,0
2026-08-11T14:30:00.000+02:00,736,0,0,0,735.5,1,0,0,0,0,0,0,0,0,0,0,0,0
2026-08-11T14:45:00.000+02:00,741,0,0,0,740.67,1,0,0,0,0,0,0,0,0,0,0,0,0
2026-08-11T15:00:00.000+02:00,721,0,0,0,720,1,0,0,0,0,0,0,0,0,0,0,0,0
2026-08-11T15:15:00.000+02:00,730,639,0,0,90.33,1,639,1,3,1,0,0,0,0,0,0,0,0
2026-08-11T15:30:00.000+02:00,1786,2214,0,0,-427,1,2213.67,1,3,1,0,0,1003.67,1,0,0,0,0
2026-08-11T15:45:00.000+02:00,2184,2139,0,0,44.67,1,2139,1,0,0,0,0,1444,1,0,0,0,0
2026-08-11T16:00:00.000+02:00,2152,2050,0,0,101.33,1,2050,1,0,0,0,0,1430.67,1,0,0,0,0
2026-08-11T16:15:00.000+02:00,2150,1980,0,0,170,1,1980,1,0,0,0,0,1451,1,0,0,0,0
2026-08-11T16:30:00.000+02:00,2151,1880,0,0,270.33,1,1880.33,1,0,0,0,0,1440,1,0,0,0,0
2026-08-11T16:45:00.000+02:00,2133,1762,0,0,370.67,1,1762.33,1,0,0,0,0,1431.33,1,0,0,0,0
2026-08-11T17:00:00.000+02:00,2115,1619,0,0,495.33,1,1619.33,1,0,0,0,0,1432,1,0,0,0,0
2026-08-11T17:15:00.000+02:00,2129,1522,0,0,607,1,1521.67,1,0,0,0,0,1433.33,1,0,0,0,0
2026-08-11T17:30:00.000+02:00,1583,1393,0,0,190,1,1393.33,1,4.67,1,0,0,813,1,0,0,0,0
2026-08-11T17:45:00.000+02:00,780,1271,0,0,-490.67,1,1271,1,1,1,0,0,0,0,0,0,0,0
2026-08-11T18:00:00.000+02:00,954,1126,0,0,-171.67,1,1126.33,1,0,1,0,0,0,0,0,0,0,0
2026-08-11T18:15:00.000+02:00,766,969,0,0,-202.67,1,969.33,1,0,1,0,0,0,0,0,0,0,0
2026-08-11T18:30:00.000+02:00,770,822,0,0,-51,1,822,1,0,1,0,0,0,0,0,0,0,0
2026-08-11T18:45:00.000+02:00,738,660,0,0,76.67,1,660.33,1,0,1,0,0,0,0,0,0,0,0
2026-08-11T19:00:00.000+02:00,693,549,0,0,143,1,549,1,0,0,0,0,0,0,0,0,0,0
2026-08-11T19:15:00.000+02:00,658,424,0,0,232.67,1,424.33,1,0,0,0,0,0,0,0,0,0,0
2026-08-11T19:30:00.000+02:00,615,290,0,0,324.67,1,290.33,1,0,0,0,0,0,0,0,0,0,0
2026-08-11T19:45:00.000+02:00,670,168,0,0,501,1,168.33,1,0,0,0,0,0,0,0,0,0,0
2026-08-11T20:00:00.000+02:00,675,96,0,0,579,1,95.67,1,6,1,0,0,0,0,0,0,0,0
2026-08-11T20:15:00.000+02:00,724,1,0,0,722.33,1,1.33,1,0,1,12.67,1,0,0,0,0,0,0
2026-08-11T20:30:00.000+02:00,1010,1,0,0,1008.33,1,0.67,1,0,1,346.33,1,0,0,0,0,0,0
2026-08-11T20:45:00.000+02:00,699,0,0,0,698.33,1,0,0,0,1,0,1,0,0,0,0,0,0
2026-08-11T21:00:00.000+02:00,675,0,0,0,674.33,1,0,0,0,0,0,1,0,0,0,0,0,0
2026-08-11T21:15:00.000+02:00,681,0,0,0,681,1,0,0,0,0,0,1,0,0,0,0,0,0
2026-08-11T21:30:00.000+02:00,656,0,0,0,655.67,1,0,0,0,0,0,1,0,0,0,0,0,0
2026-08-11T21:45:00.000+02:00,668,0,0,0,667.33,1,0,0,0,0,0,0,0,0,0,0,0,0
2026-08-11T22:00:00.000+02:00,598,0,0,0,597,1,0,0,0,0,0,0,0,0,0,0,0,0
2026-08-11T22:15:00.000+02:00,571,0,0,0,571,1,0,0,0,0,0,0,0,0,0,0,0,0
2026-08-11T22:30:00.000+02:00,532,0,0,0,531.33,1,0,0,0,0,0,0,0,0,0,0,0,0
2026-08-11T22:45:00.000+02:00,566,0,0,0,565.33,1,0,0,0,0,0,0,0,0,0,0,0,0
2026-08-11T23:00:00.000+02:00,582,0,0,0,581.67,1,0,0,0,0,0,0,0,0,0,0,0,0
2026-08-11T23:15:00.000+02:00,624,0,0,0,623.67,1,0,0,0,0,0,0,0,0,0,0,0,0
2026-08-11T23:30:00.000+02:00,584,0,0,0,583,1,0,0,0,0,0,0,0,0,0,0,0,0
2026-08-11T23:45:00.000+02:00,598,0,0,0,597.33,1,0,0,0,1,0,0,0,0,0,0,0,0
2026-08-12T00:00:00.000+02:00,620,0,0,0,619.33,1,0,0,5.67,1,0,0,0,0,0,0,0,0
2026-08-12T00:15:00.000+02:00,569,0,0,0,568,1,0,0,0,0,0,0,0,0,0,0,0,0
2026-08-12T00:30:00.000+02:00,561,0,0,0,561,1,0,0,0,0,0,0,0,0,0,0,0,0
2026-08-12T00:45:00.000+02:00,553,0,0,0,552.67,1,0,0,0,0,0,0,0,0,0,0,0,0
2026-08-12T01:00:00.000+02:00,592,0,0,0,591.33,1,0,0,0,0,0,0,0,0,0,0,0,0
2026-08-12T01:15:00.000+02:00,552,0,0,0,551.67,1,0,0,0,0,0,0,0,0,0,0,0,0
2026-08-12T01:30:00.000+02:00,542,0,0,0,541,1,0,0,0,0,0,0,0,0,0,0,0,0
2026-08-12T01:45:00.000+02:00,550,0,0,0,548.67,1,0,0,0,0,0,0,0,0,0,0,0,0
2026-08-12T02:00:00.000+02:00,639,0,0,0,638.33,1,0,0,0,0,0,0,0,0,0,0,0,0
2026-08-12T02:15:00.000+02:00,611,0,0,0,611,1,0,0,0,0,0,0,0,0,0,0,0,0
2026-08-12T02:30:00.000+02:00,602,0,0,0,601.33,1,0,0,0,0,0,0,0,0,0,0,0,0
2026-08-12T02:45:00.000+02:00,554,0,0,0,554,1,0,0,0,0,0,0,0,0,0,0,0,0
2026-08-12T03:00:00.000+02:00,569,0,0,0,569,1,0,0,0,0,0,0,0,0,0,0,0,0
2026-08-12T03:15:00.000+02:00,551,0,0,0,551.33,1,0,0,0,0,0,0,0,0,0,0,0,0
2026-08-12T03:30:00.000+02:00,569,0,0,0,568,1,0,0,0,0,0,0,0,0,0,0,0,0
2026-08-12T03:45:00.000+02:00,540,0,0,0,540,1,0,0,0,0,0,0,0,0,0,0,0,0
2026-08-12T04:00:00.000+02:00,669,0,0,0,668.67,1,0,0,0,0,0,0,0,0,0,0,0,0
2026-08-12T04:15:00.000+02:00,656,0,0,0,655,1,0,0,0,0,0,0,0,0,0,0,0,0
2026-08-12T04:30:00.000+02:00,657,0,0,0,655.67,1,0,0,0,0,0,0,0,0,0,0,0,0
2026-08-12T04:45:00.000+02:00,616,0,0,0,615.33,1,0,0,0,0,0,0,0,0,0,0,0,0
2026-08-12T05:00:00.000+02:00,691,0,0,0,690.33,1,0,0,0,0,0,0,0,0,0,0,0,0
2026-08-12T05:15:00.000+02:00,668,0,0,0,667.33,1,0,0,0,0,0,0,0,0,0,0,0,0
2026-08-12T05:30:00.000+02:00,710,0,0,0,709.33,1,0,0,0,0,0,0,0,0,0,0,0,0
2026-08-12T05:45:00.000+02:00,643,0,0,0,643,1,0,0,0,0,0,1,0,0,0,0,0,0
2026-08-12T06:00:00.000+02:00,1339,0,0,0,1339.33,1,0,0,6,1,548.67,1,0,0,0,0,0,0
2026-08-12T06:15:00.000+02:00,1679,0,0,0,1678.67,1,0,0,0,1,930,1,0,0,0,0,0,0
2026-08-12T06:30:00.000+02:00,1626,0,0,0,1625.33,1,0,0,0,1,926.33,1,0,0,0,0,0,0
2026-08-12T06:45:00.000+02:00,1759,3,0,0,1755,1,3.33,1,0,1,922.33,1,0,0,0,0,0,0
2026-08-12T07:00:00.000+02:00,1643,81,0,0,1561.67,1,80.67,1,0,1,921.33,1,0,0,0,0,0,0
2026-08-12T07:15:00.000+02:00,1036,204,0,0,832,1,203.67,1,0,1,266,1,0,0,0,0,0,0
2026-08-12T07:30:00.000+02:00,729,295,0,0,432.67,1,295.33,1,0,1,0,0,0,0,0,0,0,0
2026-08-12T07:45:00.000+02:00,708,398,0,0,310.33,1,397.67,1,0,1,0,0,0,0,0,0,0,0
2026-08-12T08:00:00.000+02:00,689,505,0,0,183.33,1,505.33,1,0,1,0,0,0,0,0,0,0,0
2026-08-12T08:15:00.000+02:00,726,632,0,0,93,1,632,1,0,1,0,0,0,0,0,0,0,0
2026-08-12T08:30:00.000+02:00,731,768,0,0,-37.33,1,768,1,0,1,0,0,0,0,0,0,0,0
2026-08-12T08:45:00.000+02:00,784,967,0,0,-183.67,1,967.33,1,0,1,0,0,0,0,0,0,0,0
2026-08-12T09:00:00.000+02:00,738,1130,0,0,-390.67,1,1129.67,1,0,1,0,0,0,0,0,0,0,0
2026-08-12T09:15:00.000+02:00,748,1276,0,0,-527.33,1,1275.67,1,0,1,0,0,0,0,0,0,0,0
2026-08-12T09:30:00.000+02:00,747,1415,0,0,-666.67,1,1415,1,0,1,0,0,0,0,0,0,0,0
2026-08-12T09:45:00.000+02:00,762,1548,0,0,-786.33,1,1548.33,1,0,1,0,0,0,0,0,0,0,0
2026-08-12T10:00:00.000+02:00,805,1676,0,0,-871.33,1,1676,1,0,1,0,0,0,0,0,0,0,0
2026-08-12T10:15:00.000+02:00,1273,1786,0,0,-511.67,1,1785.67,1,0,1,0,0,0,0,0,0,0,0
2026-08-12T10:30:00.000+02:00,2499,1891,0,0,608.67,1,1890.67,1,0,0,0,0,0,0,0,0,0,0
2026-08-12T10:45:00.000+02:00,787,1996,0,0,-1209.33,1,1996,1,5.67,1,0,0,0,0,0,0,0,0
2026-08-12T11:00:00.000+02:00,795,2080,0,0,-1284,1,2080,1,0,1,0,0,0,0,0,0,0,0
2026-08-12T11:15:00.000+02:00,913,2154,0,0,-1241,1,2154.33,1,0,1,0,0,0,0,0,0,0,0
2026-08-12T11:30:00.000+02:00,2105,2230,0,0,-125.33,1,2229.67,1,0,1,0,0,0,0,0,0,0,0
2026-08-12T11:45:00.000+02:00,700,2292,0,0,-1591.33,1,2292,1,5.67,1,0,0,0,0,0,0,0,0
2026-08-12T12:00:00.000+02:00,671,2350,0,0,-1679,1,2350,1,0,1,0,0,0,0,0,0,0,0
2026-08-12T12:15:00.000+02:00,722,2379,0,0,-1656.33,1,2378.67,1,0,1,0,0,0,0,0,0,0,0
2026-08-12T12:30:00.000+02:00,686,2422,0,0,-1735.67,1,2422,1,0,1,0,0,0,0,0,0,0,0
2026-08-12T12:45:00.000+02:00,689,2463,0,0,-1774,1,2463.33,1,0,1,0,0,0,0,0,0,0,0
2026-08-12T13:00:00.000+02:00,1395,2482,0,0,-1086,1,2482,1,0,1,0,0,609,1,0,0,0,0
2026-08-12T13:15:00.000+02:00,2266,2488,0,0,-221.33,1,2488,1,0,1,0,0,1560.67,1,0,0,0,0
2026-08-12T13:30:00.000+02:00,2219,2497,0,0,-277.67,1,2497.33,1,0,1,0,0,1570,1,0,0,0,0
2026-08-12T13:45:00.000+02:00,2270,2514,0,0,-242.67,1,2513.67,1,0,1,0,0,1584.67,1,0,0,0,0
2026-08-12T14:00:00.000+02:00,2221,2499,0,0,-278,1,2499.33,1,0,1,0,0,1547,1,0,0,0,0
2026-08-12T14:15:00.000+02:00,2228,2465,0,0,-237,1,2465.33,1,0,1,0,0,1547.33,1,0,0,0,0
2026-08-12T14:30:00.000+02:00,2172,2452,0,0,-279.33,1,2451.67,1,0,1,0,0,1561,1,0,0,0,0
2026-08-12T14:45:00.000+02:00,2169,2424,0,0,-254.33,1,2423.67,1,0,1,0,0,1545.33,1,0,0,0,0
2026-08-12T15:00:00.000+02:00,2209,2363,0,0,-153.33,1,2362.67,1,0,1,0,0,1550.67,1,0,0,0,0
2026-08-12T15:15:00.000+02:00,2189,2316,0,0,-126,1,2315.67,1,0,1,0,0,1523.33,1,0,0,0,0
2026-08-12T15:30:00.000+02:00,2098,2237,0,0,-138,1,2237,1,0,1,0,0,1409,1,0,0,0,0
2026-08-12T15:45:00.000+02:00,2078,2144,0,0,-65.33,1,2144.33,1,0,1,0,0,1405.33,1,0,0,0,0
2026-08-12T16:00:00.000+02:00,2102,2086,0,0,16,1,2086,1,0,1,0,0,1406,1,0,0,0,0
2026-08-12T16:15:00.000+02:00,2090,1997,0,0,93,1,1997,1,0,1,0,0,1408,1,0,0,0,0
2026-08-12T16:30:00.000+02:00,2104,1909,0,0,194.33,1,1909.33,1,0,1,0,0,1410.33,1,0,0,0,0
2026-08-12T16:45:00.000+02:00,2095,1795,0,0,299.33,1,1795.33,1,0,1,0,0,1413,1,0,0,0,0
2026-08-12T17:00:00.000+02:00,2169,1666,0,0,503.33,1,1666,1,0,1,0,0,1414,1,0,0,0,0
2026-08-12T17:15:00.000+02:00,2145,1543,0,0,601.67,1,1542.67,1,0,1,0,0,1416,1,0,0,0,0
2026-08-12T17:30:00.000+02:00,2134,1421,0,0,711.67,1,1421.33,1,0,1,0,0,1418.33,1,0,0,0,0
2026-08-12T17:45:00.000+02:00,2110,1292,0,0,817.33,1,1291.67,1,0,1,0,0,1420.33,1,0,0,0,0
2026-08-12T18:00:00.000+02:00,2139,1154,0,0,984.33,1,1154,1,0,1,0,0,1421.67,1,0,0,0,0
2026-08-12T18:15:00.000+02:00,2105,1007,0,0,1098,1,1006.67,1,0,1,0,0,1422,1,0,0,0,0
2026-08-12T18:30:00.000+02:00,1755,866,0,0,888.67,1,866,1,0,1,0,0,869.67,1,0,0,0,0
2026-08-12T18:45:00.000+02:00,1069,720,0,0,349,1,719.67,1,0,1,0,0,0,0,0,0,0,0
2026-08-12T19:00:00.000+02:00,804,576,0,0,226.67,1,576,1,0,1,0,0,0,0,0,0,0,0
2026-08-12T19:15:00.000+02:00,781,442,0,0,339,1,441.67,1,0,1,0,0,0,0,0,0,0,0
2026-08-12T19:30:00.000+02:00,809,293,0,0,515,1,293.33,1,0,1,0,0,0,0,0,0,0,0
2026-08-12T19:45:00.000+02:00,861,132,0,0,729,1,131.67,1,0,1,111.67,1,0,0,0,0,0,0
2026-08-12T20:00:00.000+02:00,752,0,0,0,751.67,1,0.33,1,0,1,42.33,1,0,0,0,0,0,0
2026-08-12T20:15:00.000+02:00,702,0,0,0,701.67,1,0,0,0,1,19.67,1,0,0,0,0,0,0
2026-08-12T20:30:00.000+02:00,681,0,0,0,680.33,1,0,0,0,1,0,1,0,0,0,0,0,0
2026-08-12T20:45:00.000+02:00,633,0,0,0,632.33,1,0,0,0,1,0,1,0,0,0,0,0,0
2026-08-12T21:00:00.000+02:00,679,0,0,0,678.33,1,0,0,0,0,0,1,0,0,0,0,0,0
2026-08-12T21:15:00.000+02:00,1019,0,0,0,1018.67,1,0,0,0,0,0,1,0,0,0,0,0,0
2026-08-12T21:30:00.000+02:00,2450,0,0,0,2488.25,1,0,0,0,0,0,1,0,0,0,0,0,0
2026-08-12T21:45:00.000+02:00,2273,0,0,0,2272.67,1,0,0,0,0,0,0,0,0,0,0,0,0
2026-08-12T22:00:00.000+02:00,597,0,0,0,596.33,1,0,0,0,0,0,0,0,0,0,0,0,0
2026-08-12T22:15:00.000+02:00,635,0,0,0,634.67,1,0,0,0,0,0,0,0,0,0,0,0,0
2026-08-12T22:30:00.000+02:00,604,0,0,0,603,1,0,0,0,0,0,0,0,0,0,0,0,0
2026-08-12T22:45:00.000+02:00,564,0,0,0,564,1,0,0,0,0,0,0,0,0,0,0,0,0
2026-08-12T23:00:00.000+02:00,536,0,0,0,535.33,1,0,0,0,0,0,0,0,0,0,0,0,0
2026-08-12T23:15:00.000+02:00,574,0,0,0,573.67,1,0,0,0,0,0,0,0,0,0,0,0,0
2026-08-12T23:30:00.000+02:00,554,0,0,0,553,1,0,0,0,0,0,0,0,0,0,0,0,0
2026-08-12T23:45:00.000+02:00,563,0,0,0,562.33,1,0,0,0,1,0,0,0,0,0,0,0,0
2026-08-13T00:00:00.000+02:00,560,0,0,0,559.33,1,0,0,5.67,1,0,0,0,0,0,0,0,0
2026-08-13T00:15:00.000+02:00,626,0,0,0,625.67,1,0,0,0,0,0,0,0,0,0,0,0,0
2026-08-13T00:30:00.000+02:00,590,0,0,0,590.33,1,0,0,0,0,0,0,0,0,0,0,0,0
2026-08-13T00:45:00.000+02:00,574,0,0,0,572.67,1,0,0,0,0,0,0,0,0,0,0,0,0
2026-08-13T01:00:00.000+02:00,564,0,0,0,564,1,0,0,0,0,0,0,0,0,0,0,0,0
2026-08-13T01:15:00.000+02:00,630,0,0,0,628.67,1,0,0,0,0,0,0,0,0,0,0,0,0
2026-08-13T01:30:00.000+02:00,572,0,0,0,572,1,0,0,0,0,0,0,0,0,0,0,0,0
2026-08-13T01:45:00.000+02:00,551,0,0,0,550.67,1,0,0,0,0,0,0,0,0,0,0,0,0
2026-08-13T02:00:00.000+02:00,528,0,0,0,527.67,1,0,0,0,0,0,0,0,0,0,0,0,0
2026-08-13T02:15:00.000+02:00,564,0,0,0,564,1,0,0,0,0,0,0,0,0,0,0,0,0
2026-08-13T02:30:00.000+02:00,544,0,0,0,543.33,1,0,0,0,0,0,0,0,0,0,0,0,0
2026-08-13T02:45:00.000+02:00,553,0,0,0,552.33,1,0,0,0,0,0,0,0,0,0,0,0,0
2026-08-13T03:00:00.000+02:00,562,0,0,0,561.67,1,0,0,0,0,0,0,0,0,0,0,0,0
2026-08-13T03:15:00.000+02:00,603,0,0,0,603,1,0,0,0,0,0,0,0,0,0,0,0,0
2026-08-13T03:30:00.000+02:00,609,0,0,0,608.33,1,0,0,0,0,0,0,0,0,0,0,0,0
2026-08-13T03:45:00.000+02:00,561,0,0,0,560,1,0,0,0,0,0,0,0,0,0,0,0,0
2026-08-13T04:00:00.000+02:00,569,0,0,0,568.67,1,0,0,0,0,0,0,0,0,0,0,0,0
2026-08-13T04:15:00.000+02:00,602,0,0,0,601.33,1,0,0,0,0,0,0,0,0,0,0,0,0
2026-08-13T04:30:00.000+02:00,589,0,0,0,588,1,0,0,0,0,0,0,0,0,0,0,0,0
2026-08-13T04:45:00.000+02:00,558,0,0,0,557,1,0,0,0,0,0,0,0,0,0,0,0,0
2026-08-13T05:00:00.000+02:00,552,0,0,0,552,1,0,0,0,0,0,0,0,0,0,0,0,0
2026-08-13T05:15:00.000+02:00,568,0,0,0,568,1,0,0,0,0,0,0,0,0,0,0,0,0
2026-08-13T05:30:00.000+02:00,791,0,0,0,790.67,1,0,0,0,0,0,0,0,0,0,0,0,0
2026-08-13T05:45:00.000+02:00,759,0,0,0,758,1,0,0,0,0,0,0,0,0,0,0,0,0
2026-08-13T06:00:00.000+02:00,758,0,0,0,757.33,1,0,0,6,1,0,0,0,0,0,0,0,0
2026-08-13T06:15:00.000+02:00,836,0,0,0,835.67,1,0,0,0,1,0,0,0,0,0,0,0,0
2026-08-13T06:30:00.000+02:00,834,1,0,0,833,1,1,1,0,1,0,0,0,0,0,0,0,0
2026-08-13T06:45:00.000+02:00,695,3,0,0,691.33,1,2.67,1,0,1,0,0,0,0,0,0,0,0
2026-08-13T07:00:00.000+02:00,717,121,0,0,595.67,1,121.33,1,0,1,0,0,0,0,0,0,0,0
2026-08-13T07:15:00.000+02:00,722,240,0,0,480.67,1,240.33,1,0,1,0,0,0,0,0,0,0,0
2026-08-13T07:30:00.000+02:00,685,333,0,0,351.67,1,332.67,1,0,1,0,0,0,0,0,0,0,0
2026-08-13T07:45:00.000+02:00,662,437,0,0,224.67,1,436.67,1,0,1,0,0,0,0,0,0,0,0
2026-08-13T08:00:00.000+02:00,651,550,0,0,100.67,1,550,1,0,1,0,0,0,0,0,0,0,0
2026-08-13T08:15:00.000+02:00,697,687,0,0,11.33,1,686.67,1,0,1,0,0,0,0,0,0,0,0
2026-08-13T08:30:00.000+02:00,722,815,0,0,-92.33,1,814.67,1,0,1,0,0,0,0,0,0,0,0
2026-08-13T08:45:00.000+02:00,745,1057,0,0,-311,1,1056.67,1,0,1,0,0,0,0,0,0,0,0
2026-08-13T09:00:00.000+02:00,699,1214,0,0,-515,1,1214.33,1,0,1,0,0,0,0,0,0,0,0
2026-08-13T09:15:00.000+02:00,736,1364,0,0,-627.67,1,1364.33,1,0,1,0,0,0,0,0,0,0,0
2026-08-13T09:30:00.000+02:00,733,1502,0,0,-768.67,1,1502.33,1,0,1,0,0,0,0,0,0,0,0
2026-08-13T09:45:00.000+02:00,744,1630,0,0,-885.33,1,1629.67,1,0,1,0,0,0,0,0,0,0,0
2026-08-13T10:00:00.000+02:00,751,1748,0,0,-996.67,1,1748,1,0,1,0,0,0,0,0,0,0,0
2026-08-13T10:15:00.000+02:00,739,1855,0,0,-1115.33,1,1854.67,1,0,1,0,0,0,0,0,0,0,0
2026-08-13T10:30:00.000+02:00,715,1960,0,0,-1244,1,1959.67,1,0,1,0,0,0,0,0,0,0,0
2026-08-13T10:45:00.000+02:00,697,2049,0,0,-1351.33,1,2049,1,0,1,0,0,0,0,0,0,0,0
2026-08-13T11:00:00.000+02:00,649,2130,0,0,-1480,1,2129.67,1,0,1,0,0,0,0,0,0,0,0
2026-08-13T11:15:00.000+02:00,680,2202,0,0,-1522,1,2202,1,0,1,0,0,0,0,0,0,0,0
2026-08-13T11:30:00.000+02:00,701,2266,0,0,-1564.33,1,2266,1,0,1,0,0,0,0,0,0,0,0
2026-08-13T11:45:00.000+02:00,702,2329,0,0,-1626,1,2329.33,1,0,1,0,0,0,0,0,0,0,0
2026-08-13T12:00:00.000+02:00,669,2377,0,0,-1707.33,1,2376.67,1,0,1,0,0,0,0,0,0,0,0
2026-08-13T12:15:00.000+02:00,815,2419,0,0,-1604,1,2419,1,0,1,0,0,0,0,0,0,0,0
2026-08-13T12:30:00.000+02:00,2467,2453,0,0,14.33,1,2452.67,1,0,1,0,0,0,0,0,0,0,0
2026-08-13T12:45:00.000+02:00,2685,2480,0,0,205,1,2479.67,1,0,1,0,0,0,0,0,0,0,0
2026-08-13T13:00:00.000+02:00,2870,2477,0,0,392.67,1,2477,1,0,1,0,0,0,0,0,0,0,0
2026-08-13T13:15:00.000+02:00,3257,2489,0,0,767.67,1,2488.67,1,0,1,0,0,111,1,0,0,0,0
2026-08-13T13:30:00.000+02:00,4476,2494,0,0,1982.33,1,2493.67,1,0,1,0,0,1451.67,1,0,0,0,0
2026-08-13T13:45:00.000+02:00,2382,2491,0,0,-108.33,1,2490.67,1,0,1,0,0,1664.67,1,0,0,0,0
2026-08-13T14:00:00.000+02:00,2393,2473,0,0,-79.67,1,2472.67,1,0,1,0,0,1801,1,0,0,0,0
2026-08-13T14:15:00.000+02:00,2227,2431,0,0,-204,1,2431,1,0,1,0,0,1565.33,1,0,0,0,0
2026-08-13T14:30:00.000+02:00,2250,2403,0,0,-152.67,1,2403.33,1,0,1,0,0,1560,1,0,0,0,0
2026-08-13T14:45:00.000+02:00,2288,2389,0,0,-100.33,1,2389.33,1,0,1,0,0,1567,1,0,0,0,0
2026-08-13T15:00:00.000+02:00,2190,2318,0,0,-128,1,2318.33,1,0,1,0,0,1496.33,1,0,0,0,0
2026-08-13T15:15:00.000+02:00,2180,2290,0,0,-109.33,1,2290.33,1,0,1,0,0,1444.67,1,0,0,0,0
2026-08-13T15:30:00.000+02:00,2154,2243,0,0,-88.33,1,2243,1,0,1,0,0,1446,1,0,0,0,0
2026-08-13T15:45:00.000+02:00,2176,2144,0,0,31.67,1,2144,1,0,1,0,0,1447,1,0,0,0,0
2026-08-13T16:00:00.000+02:00,2149,2056,0,0,93,1,2055.67,1,0,1,0,0,1447,1,0,0,0,0
2026-08-13T16:15:00.000+02:00,2140,1959,0,0,180,1,1959.33,1,0,1,0,0,1434.33,1,0,0,0,0
2026-08-13T16:30:00.000+02:00,2060,1834,0,0,228.67,1,1860.67,1,0,1,0,0,1380.67,1,0,0,0,0
2026-08-13T16:45:00.000+02:00,2087,1757,0,0,330.67,1,1756,1,0,1,0,0,1423,1,0,0,0,0
2026-08-13T17:00:00.000+02:00,2057,1654,0,0,403,1,1653,1,0,1,0,0,1424.67,1,0,0,0,0
2026-08-13T17:15:00.000+02:00,2106,1544,0,0,562,1,1543.33,1,0,1,0,0,1389.33,1,0,0,0,0
2026-08-13T17:30:00.000+02:00,2128,1431,0,0,696.67,1,1430.67,1,0,1,0,0,1428.33,1,0,0,0,0
2026-08-13T17:45:00.000+02:00,2168,1283,0,0,884.33,1,1283,1,0,1,0,0,1430.67,1,0,0,0,0
2026-08-13T18:00:00.000+02:00,2181,1143,0,0,1036.33,1,1143.33,1,0,1,0,0,1430.67,1,0,0,0,0
2026-08-13T18:15:00.000+02:00,2189,988,0,0,1200.67,1,988,1,0,1,0,0,1430.33,1,0,0,0,0
2026-08-13T18:30:00.000+02:00,2193,845,0,0,1347.67,1,844.67,1,0,1,0,0,1432,1,0,0,0,0
2026-08-13T18:45:00.000+02:00,2142,697,0,0,1444.67,1,696.67,1,0,1,0,0,1432,1,0,0,0,0
2026-08-13T19:00:00.000+02:00,1176,556,0,0,618.67,1,556.33,1,0,1,0,0,429.67,1,0,0,0,0
2026-08-13T19:15:00.000+02:00,732,426,0,0,305.33,1,426.33,1,0,1,0,0,0,0,0,0,0,0
2026-08-13T19:30:00.000+02:00,731,310,0,0,420.67,1,310,1,0,1,0,0,0,0,0,0,0,0
2026-08-13T19:45:00.000+02:00,734,203,0,0,530.33,1,203,1,0,1,55.67,1,0,0,0,0,0,0
2026-08-13T20:00:00.000+02:00,748,105,0,0,643,1,104.67,1,0,1,42.33,1,0,0,0,0,0,0
2026-08-13T20:15:00.000+02:00,1288,5,0,0,1283.33,1,4.67,1,0,1,592.67,1,0,0,0,0,0,0
2026-08-13T20:30:00.000+02:00,1740,0,0,0,1740,1,0.33,1,0,1,926.33,1,0,0,0,0,0,0
2026-08-13T20:45:00.000+02:00,1422,0,0,0,1421,1,0,0,0,1,657.33,1,0,0,0,0,0,0
2026-08-13T21:00:00.000+02:00,790,0,0,0,789.33,1,0,0,0,0,0,0,0,0,0,0,0,0
2026-08-13T21:15:00.000+02:00,1185,0,0,0,1185.33,1,0,0,0,0,0,0,0,0,0,0,0,0
2026-08-13T21:30:00.000+02:00,732,0,0,0,732,1,0,0,0,0,0,0,0,0,0,0,0,0
2026-08-13T21:45:00.000+02:00,742,0,0,0,741.67,1,0,0,0,0,0,0,0,0,0,0,0,0
2026-08-13T22:00:00.000+02:00,665,0,0,0,664.33,1,0,0,0,0,0,0,0,0,0,0,0,0
2026-08-13T22:15:00.000+02:00,606,0,0,0,606,1,0,0,0,0,0,0,0,0,0,0,0,0
2026-08-13T22:30:00.000+02:00,566,0,0,0,565,1,0,0,0,0,0,0,0,0,0,0,0,0
2026-08-13T22:45:00.000+02:00,511,0,0,0,510.33,1,0,0,0,0,0,0,0,0,0,0,0,0
2026-08-13T23:00:00.000+02:00,557,0,0,0,556.67,1,0,0,0,0,0,0,0,0,0,0,0,0
2026-08-13T23:15:00.000+02:00,571,0,0,0,570.67,1,0,0,0,0,0,0,0,0,0,0,0,0
2026-08-13T23:30:00.000+02:00,582,0,0,0,581.33,1,0,0,0,0,0,0,0,0,0,0,0,0
2026-08-13T23:45:00.000+02:00,543,0,0,0,542.33,1,0,0,0,1,0,0,0,0,0,0,0,0
2026-08-14T00:00:00.000+02:00,560,0,0,0,560,1,0,0,5.67,1,0,0,0,0,0,0,0,0
2026-08-14T00:15:00.000+02:00,607,0,0,0,606.67,1,0,0,0,0,0,0,0,0,0,0,0,0
2026-08-14T00:30:00.000+02:00,607,0,0,0,606.67,1,0,0,0,0,0,0,0,0,0,0,0,0
2026-08-14T00:45:00.000+02:00,595,0,0,0,594,1,0,0,0,0,0,0,0,0,0,0,0,0
2026-08-14T01:00:00.000+02:00,592,0,0,0,591.67,1,0,0,0,0,0,0,0,0,0,0,0,0
2026-08-14T01:15:00.000+02:00,611,0,0,0,611.33,1,0,0,0,0,0,0,0,0,0,0,0,0
2026-08-14T01:30:00.000+02:00,547,0,0,0,546.67,1,0,0,0,0,0,0,0,0,0,0,0,0
2026-08-14T01:45:00.000+02:00,536,0,0,0,535,1,0,0,0,0,0,0,0,0,0,0,0,0
2026-08-14T02:00:00.000+02:00,549,0,0,0,548.33,1,0,0,0,0,0,0,0,0,0,0,0,0
2026-08-14T02:15:00.000+02:00,589,0,0,0,588.67,1,0,0,0,0,0,0,0,0,0,0,0,0
2026-08-14T02:30:00.000+02:00,566,0,0,0,565.33,1,0,0,0,0,0,0,0,0,0,0,0,0
2026-08-14T02:45:00.000+02:00,534,0,0,0,534,1,0,0,0,0,0,0,0,0,0,0,0,0
2026-08-14T03:00:00.000+02:00,526,0,0,0,525,1,0,0,0,0,0,0,0,0,0,0,0,0
2026-08-14T03:15:00.000+02:00,609,0,0,0,607.67,1,0,0,0,0,0,0,0,0,0,0,0,0
2026-08-14T03:30:00.000+02:00,608,0,0,0,607.67,1,0,0,0,0,0,0,0,0,0,0,0,0
2026-08-14T03:45:00.000+02:00,599,0,0,0,598,1,0,0,0,0,0,0,0,0,0,0,0,0
2026-08-14T04:00:00.000+02:00,572,0,0,0,571.33,1,0,0,0,0,0,0,0,0,0,0,0,0
2026-08-14T04:15:00.000+02:00,603,0,0,0,603,1,0,0,0,0,0,0,0,0,0,0,0,0
2026-08-14T04:30:00.000+02:00,565,0,0,0,564.67,1,0,0,0,0,0,0,0,0,0,0,0,0
2026-08-14T04:45:00.000+02:00,556,0,0,0,555.33,1,0,0,0,0,0,0,0,0,0,0,0,0
2026-08-14T05:00:00.000+02:00,541,0,0,0,540.67,1,0,0,0,0,0,0,0,0,0,0,0,0
2026-08-14T05:15:00.000+02:00,705,0,0,0,704.67,1,0,0,0,0,31.33,1,0,0,0,0,0,0
2026-08-14T05:30:00.000+02:00,1639,0,0,0,1638.33,1,0,0,0,0,933.67,1,0,0,0,0,0,0
2026-08-14T05:45:00.000+02:00,1579,0,0,0,1578.33,1,0,0,0,0,872.33,1,0,0,0,0,0,0
2026-08-14T06:00:00.000+02:00,1591,0,0,0,1589.67,1,0,0,5.33,1,921.67,1,0,0,0,0,0,0
2026-08-14T06:15:00.000+02:00,1735,0,0,0,1734,1,0,0,0,1,922.67,1,0,0,0,0,0,0
2026-08-14T06:30:00.000+02:00,929,0,0,0,928,1,0,0,0,1,185,1,0,0,0,0,0,0
2026-08-14T06:45:00.000+02:00,683,3,0,0,679,1,3,1,0,1,0,0,0,0,0,0,0,0
2026-08-14T07:00:00.000+02:00,687,87,0,0,599.33,1,87.33,1,0,1,0,0,0,0,0,0,0,0
2026-08-14T07:15:00.000+02:00,678,216,0,0,461,1,216,1,0,1,0,0,0,0,0,0,0,0
2026-08-14T07:30:00.000+02:00,733,307,0,0,426,1,306.67,1,0,1,0,0,0,0,0,0,0,0
2026-08-14T07:45:00.000+02:00,713,409,0,0,303.33,1,409.33,1,0,1,0,0,0,0,0,0,0,0
2026-08-14T08:00:00.000+02:00,599,531,0,0,67.67,1,530.67,1,0,1,0,0,0,0,0,0,0,0
2026-08-14T08:15:00.000+02:00,961,659,0,0,303,1,658.67,1,0,1,0,0,0,0,0,0,0,0
2026-08-14T08:30:00.000+02:00,1032,778,0,0,253.33,1,778.33,1,0,1,0,0,0,0,0,0,0,0
2026-08-14T08:45:00.000+02:00,625,994,0,0,-369.33,1,994.33,1,0,1,0,0,0,0,0,0,0,0
2026-08-14T09:00:00.000+02:00,657,1147,0,0,-489,1,1146.67,1,0,1,0,0,0,0,0,0,0,0
2026-08-14T09:15:00.000+02:00,846,1280,0,0,-433.67,1,1280.33,1,0,1,0,0,0,0,0,0,0,0
2026-08-14T09:30:00.000+02:00,774,1416,0,0,-641.33,1,1415.67,1,0,1,0,0,0,0,0,0,0,0
2026-08-14T09:45:00.000+02:00,728,1541,0,0,-812.67,1,1541.33,1,0,1,0,0,0,0,0,0,0,0
2026-08-14T10:00:00.000+02:00,758,1660,0,0,-900.33,1,1659.67,1,0,1,0,0,0,0,0,0,0,0
2026-08-14T10:15:00.000+02:00,746,1769,0,0,-1022.33,1,1768.67,1,0,1,0,0,0,0,0,0,0,0
2026-08-14T10:30:00.000+02:00,767,1870,0,0,-1103,1,1870,1,0,1,0,0,0,0,0,0,0,0
2026-08-14T10:45:00.000+02:00,723,1957,0,0,-1234.33,1,1957.33,1,0,1,0,0,0,0,0,0,0,0
2026-08-14T11:00:00.000+02:00,1206,2041,0,0,-834.33,1,2041,1,0,1,0,0,477.67,1,0,0,0,0
2026-08-14T11:15:00.000+02:00,2147,2115,0,0,32,1,2115,1,0,0,0,0,1427,1,0,0,0,0
2026-08-14T11:30:00.000+02:00,2119,2179,0,0,-59.33,1,2179.33,1,0,0,0,0,1427.67,1,0,0,0,0
2026-08-14T11:45:00.000+02:00,1536,2233,0,0,-697,1,2232.67,1,5.33,1,0,0,873.33,1,0,0,0,0
2026-08-14T12:00:00.000+02:00,664,2282,0,0,-1617.67,1,2282.33,1,0.33,1,0,0,0,0,0,0,0,0
2026-08-14T12:15:00.000+02:00,733,2326,0,0,-1592.67,1,2326.33,1,0,1,0,0,0,0,0,0,0,0
2026-08-14T12:30:00.000+02:00,728,2364,0,0,-1635.67,1,2364.33,1,0,1,0,0,0,0,0,0,0,0
2026-08-14T12:45:00.000+02:00,786,2375,0,0,-1588,1,2375,1,0,1,0,0,0,0,0,0,0,0
2026-08-14T13:00:00.000+02:00,707,2390,0,0,-1683.33,1,2390.33,1,0,1,0,0,0,0,0,0,0,0
2026-08-14T13:15:00.000+02:00,743,2422,0,0,-1679,1,2422.33,1,0,1,0,0,0,0,0,0,0,0
2026-08-14T13:30:00.000+02:00,704,2420,0,0,-1715.67,1,2420.33,1,0,1,0,0,0,0,0,0,0,0
2026-08-14T13:45:00.000+02:00,707,2391,0,0,-1684,1,2391.33,1,0,1,0,0,0,0,0,0,0,0
2026-08-14T14:00:00.000+02:00,702,2388,0,0,-1686,1,2387.67,1,0,1,0,0,0,1,0,0,0,0
2026-08-14T14:15:00.000+02:00,1978,2369,0,0,-391,1,2369.33,1,0,1,0,0,1235.67,1,0,0,0,0
2026-08-14T14:30:00.000+02:00,2277,2326,0,0,-48.33,1,2325.67,1,0,1,0,0,1481.67,1,0,0,0,0
2026-08-14T14:45:00.000+02:00,2147,2284,0,0,-136,1,2283.67,1,0,1,0,0,1447,1,0,0,0,0
2026-08-14T15:00:00.000+02:00,2117,2260,0,0,-143,1,2260.33,1,0,1,0,0,1429,1,0,0,0,0
2026-08-14T15:15:00.000+02:00,2195,2208,0,0,-12.33,1,2207.67,1,0,1,0,0,1431.67,1,0,0,0,0
2026-08-14T15:30:00.000+02:00,2488,2149,0,0,338.33,1,2148.67,1,0,0,0,0,1433.67,1,0,0,0,0
2026-08-14T15:45:00.000+02:00,3803,2070,0,0,1732.33,1,2070,1,0,0,0,0,1434,1,0,0,0,0
2026-08-14T16:00:00.000+02:00,4631,1976,0,0,2654.33,1,1976.33,1,0,0,45,1,1428,1,0,0,0,0
2026-08-14T16:15:00.000+02:00,3750,1883,0,0,1866.33,1,1883.33,1,0,0,199,1,1427,1,0,0,0,0
2026-08-14T16:30:00.000+02:00,2332,1782,0,0,549.33,1,1782,1,0,0,99,1,1434,1,0,0,0,0
2026-08-14T16:45:00.000+02:00,2323,1705,0,0,617.67,1,1704.67,1,0,0,0,1,1434,1,0,0,0,0
2026-08-14T17:00:00.000+02:00,2092,1587,0,0,505,1,1586.67,1,0,0,0,1,1434,1,0,0,0,0
2026-08-14T17:15:00.000+02:00,2157,1464,0,0,693,1,1463.67,1,0,0,0,1,1436.67,1,0,0,0,0
2026-08-14T17:30:00.000+02:00,2119,1345,0,0,773,1,1345.33,1,0,0,0,1,1435.33,1,0,0,0,0
2026-08-14T17:45:00.000+02:00,2139,1207,0,0,932,1,1207,1,0,0,0,1,1414.33,1,0,0,0,0
2026-08-14T18:00:00.000+02:00,2112,1068,0,0,1043.67,1,1067.67,1,0,0,0,1,1413.67,1,0,0,0,0
2026-08-14T18:15:00.000+02:00,2187,917,0,0,1268.67,1,917,1,0,0,0,1,1415.67,1,0,0,0,0
2026-08-14T18:30:00.000+02:00,2138,776,0,0,1362,1,776,1,0,0,0,1,1417,1,0,0,0,0
2026-08-14T18:45:00.000+02:00,2157,634,0,0,1523.33,1,633.67,1,0,0,0,1,1418.67,1,0,0,0,0
2026-08-14T19:00:00.000+02:00,2362,488,0,0,1873.33,1,488,1,0,0,0,1,1419,1,0,0,0,0
2026-08-14T19:15:00.000+02:00,2723,215,0,0,2507,1,215.33,1,0,0,0,1,1420.67,1,0,0,0,0
2026-08-14T19:30:00.000+02:00,1422,99,0,0,1322,1,99,1,0,0,0,1,442.33,1,0,0,0,0
2026-08-14T19:45:00.000+02:00,740,1,0,0,738.33,1,1.33,1,0,0,0,1,0,0,0,0,0,0
2026-08-14T20:00:00.000+02:00,1041,1,0,0,1040.33,1,1,1,5.67,1,302.67,1,0,0,0,0,0,0
2026-08-14T20:15:00.000+02:00,1233,1,0,0,1232.33,1,1,1,0,1,509.33,1,0,0,0,0,0,0
2026-08-14T20:30:00.000+02:00,1481,0,0,0,1481.33,1,0,0,0,1,0,1,0,0,0,0,0,0
2026-08-14T20:45:00.000+02:00,2322,0,0,0,2321.67,1,0,0,0,1,0,1,0,0,0,0,0,0
2026-08-14T21:00:00.000+02:00,2923,0,0,0,2922.67,1,0,0,0,0,0,1,0,0,0,0,0,0
2026-08-14T21:15:00.000+02:00,1275,0,0,0,1274.67,1,0,0,0,0,0,1,0,0,0,0,0,0
2026-08-14T21:30:00.000+02:00,774,0,0,0,773,1,0,0,0,0,0,1,0,0,0,0,0,0
2026-08-14T21:45:00.000+02:00,752,0,0,0,752,1,0,0,0,0,0,0,0,0,0,0,0,0
2026-08-14T22:00:00.000+02:00,653,0,0,0,652,1,0,0,0,0,0,0,0,0,0,0,0,0
2026-08-14T22:15:00.000+02:00,561,0,0,0,560.33,1,0,0,0,0,0,0,0,0,0,0,0,0
2026-08-14T22:30:00.000+02:00,567,0,0,0,567.33,1,0,0,0,0,0,0,0,0,0,0,0,0
2026-08-14T22:45:00.000+02:00,580,0,0,0,579,1,0,0,0,0,0,0,0,0,0,0,0,0
2026-08-14T23:00:00.000+02:00,598,0,0,0,597.67,1,0,0,0,0,0,0,0,0,0,0,0,0
2026-08-14T23:15:00.000+02:00,1137,0,0,0,1136.33,1,0,0,0,0,0,0,0,0,0,0,0,0
2026-08-14T23:30:00.000+02:00,2572,0,0,0,2572.33,1,0,0,0,0,0,0,0,0,0,0,0,0
2026-08-14T23:45:00.000+02:00,647,0,0,0,646.67,1,0,0,0,1,0,0,0,0,0,0,0,0
2026-08-15T00:00:00.000+02:00,680,0,0,0,679.33,1,0,0,5.67,1,0,0,0,0,0,0,0,0
2026-08-15T00:15:00.000+02:00,613,0,0,0,612.33,1,0,0,0,0,0,0,0,0,0,0,0,0
2026-08-15T00:30:00.000+02:00,1857,0,0,0,1856.33,1,0,0,0,0,0,0,0,0,0,0,0,0
2026-08-15T00:45:00.000+02:00,1034,0,0,0,1033.33,1,0,0,0,0,0,0,0,0,0,0,0,0
2026-08-15T01:00:00.000+02:00,589,0,0,0,588.33,1,0,0,0,0,0,0,0,0,0,0,0,0
2026-08-15T01:15:00.000+02:00,540,0,0,0,539,1,0,0,0,0,0,0,0,0,0,0,0,0
2026-08-15T01:30:00.000+02:00,544,0,0,0,543.33,1,0,0,0,0,0,0,0,0,0,0,0,0
2026-08-15T01:45:00.000+02:00,542,0,0,0,542,1,0,0,0,0,0,0,0,0,0,0,0,0
2026-08-15T02:00:00.000+02:00,589,0,0,0,588.33,1,0,0,0,0,0,0,0,0,0,0,0,0
2026-08-15T02:15:00.000+02:00,547,0,0,0,546.67,1,0,0,0,0,0,0,0,0,0,0,0,0
2026-08-15T02:30:00.000+02:00,588,0,0,0,587.67,1,0,0,0,0,0,0,0,0,0,0,0,0
2026-08-15T02:45:00.000+02:00,591,0,0,0,590.67,1,0,0,0,0,0,0,0,0,0,0,0,0
2026-08-15T03:00:00.000+02:00,607,0,0,0,606,1,0,0,0,0,0,0,0,0,0,0,0,0
2026-08-15T03:15:00.000+02:00,570,0,0,0,570,1,0,0,0,0,0,0,0,0,0,0,0,0
2026-08-15T03:30:00.000+02:00,591,0,0,0,591.33,1,0,0,0,0,0,0,0,0,0,0,0,0
2026-08-15T03:45:00.000+02:00,576,0,0,0,575.67,1,0,0,0,0,0,0,0,0,0,0,0,0
2026-08-15T04:00:00.000+02:00,584,0,0,0,584,1,0,0,0,0,0,0,0,0,0,0,0,0
2026-08-15T04:15:00.000+02:00,533,0,0,0,533,1,0,0,0,0,0,0,0,0,0,0,0,0
2026-08-15T04:30:00.000+02:00,533,0,0,0,532.67,1,0,0,0,0,0,0,0,0,0,0,0,0
2026-08-15T04:45:00.000+02:00,562,0,0,0,562,1,0,0,0,0,0,0,0,0,0,0,0,0
2026-08-15T05:00:00.000+02:00,569,0,0,0,568.33,1,0,0,0,0,0,0,0,0,0,0,0,0
2026-08-15T05:15:00.000+02:00,565,0,0,0,564.67,1,0,0,0,0,0,0,0,0,0,0,0,0
2026-08-15T05:30:00.000+02:00,690,0,0,0,690.33,1,0,0,0,0,0,1,0,0,0,0,0,0
2026-08-15T05:45:00.000+02:00,753,0,0,0,752,1,0,0,0,0,0,1,0,0,0,0,0,0
2026-08-15T06:00:00.000+02:00,804,0,0,0,803.5,1,0,0,8.5,1,0,1,0,0,0,0,0,0
